tax_year,steuerklasse,brutto_monat,lohnsteuer,soli,kirchensteuer,zve_jahr
2025,1,0.00,0,0,0,0
2025,1,50.00,0,0,0,0
2025,1,100.00,0,0,0,0
2025,1,150.00,0,0,0,0
2025,1,200.00,0,0,0,0
2025,1,250.00,0,0,0,0
2025,1,300.00,0,0,0,0
2025,1,350.00,0,0,0,0
2025,1,400.00,0,0,0,0
2025,1,450.00,0,0,0,0
2025,1,500.00,0,0,0,0
2025,1,550.00,0,0,0,0
2025,1,600.00,0,0,0,0
2025,1,650.00,0,0,0,0
2025,1,700.00,0,0,0,0
2025,1,750.00,0,0,0,0
2025,1,800.00,0,0,0,0
2025,1,850.00,0,0,0,0
2025,1,900.00,0,0,0,0
2025,1,950.00,0,0,0,0
2025,1,1000.00,0,0,0,0
2025,1,1050.00,0,0,0,0
2025,1,1100.00,0,0,0,0
2025,1,1150.00,0,0,0,0
2025,1,1200.00,0,0,0,0
2025,1,1250.00,0,0,0,0
2025,1,1300.00,0,0,0,0
2025,1,1350.00,0,0,0,0
2025,1,1400.00,0,0,0,364
2025,1,1450.00,0,0,0,854
2025,1,1500.00,0,0,0,1344
2025,1,1550.00,0,0,0,1835
2025,1,1600.00,0,0,0,2325
2025,1,1650.00,0,0,0,2815
2025,1,1700.00,0,0,0,3305
2025,1,1750.00,0,0,0,3795
2025,1,1800.00,0,0,0,4286
2025,1,1850.00,0,0,0,4776
2025,1,1900.00,0,0,0,5266
2025,1,1950.00,0,0,0,5756
2025,1,2000.00,0,0,0,6246
2025,1,2050.00,0,0,0,6737
2025,1,2100.00,0,0,0,7227
2025,1,2150.00,0,0,0,7717
2025,1,2200.00,0,0,0,8207
2025,1,2250.00,0,0,0,8697
2025,1,2300.00,0,0,0,9188
2025,1,2350.00,0,0,0,9678
2025,1,2400.00,0,0,0,10168
2025,1,2450.00,0,0,0,10658
2025,1,2500.00,0,0,0,11148
2025,1,2550.00,0,0,0,11639
2025,1,2600.00,0,0,0,12129
2025,1,2650.00,6,0,0,12619
2025,1,2700.00,12,0,1,13109
2025,1,2750.00,19,0,1,13599
2025,1,2800.00,26,0,2,14090
2025,1,2850.00,33,0,2,14580
2025,1,2900.00,41,0,3,15070
2025,1,2950.00,49,0,4,15560
2025,1,3000.00,58,0,5,16050
2025,1,3050.00,67,0,6,16541
2025,1,3100.00,76,0,6,17031
2025,1,3150.00,86,0,7,17521
2025,1,3200.00,95,0,8,18011
2025,1,3250.00,105,0,9,18501
2025,1,3300.00,115,0,10,18992
2025,1,3350.00,125,0,11,19482
2025,1,3400.00,136,0,12,19972
2025,1,3450.00,146,0,13,20462
2025,1,3500.00,156,0,14,20952
2025,1,3550.00,166,0,14,21443
2025,1,3600.00,177,0,15,21933
2025,1,3650.00,187,0,16,22423
2025,1,3700.00,198,0,17,22913
2025,1,3750.00,208,0,18,23403
2025,1,3800.00,219,0,19,23894
2025,1,3850.00,230,0,20,24384
2025,1,3900.00,241,0,21,24874
2025,1,3950.00,252,0,22,25364
2025,1,4000.00,263,0,23,25854
2025,1,4050.00,274,0,24,26345
2025,1,4100.00,285,0,25,26835
2025,1,4150.00,296,0,26,27325
2025,1,4200.00,307,0,27,27815
2025,1,4250.00,318,0,28,28305
2025,1,4300.00,330,0,29,28796
2025,1,4350.00,341,0,30,29286
2025,1,4400.00,353,0,31,29776
2025,1,4450.00,364,0,32,30266
2025,1,4500.00,376,0,33,30756
2025,1,4550.00,388,0,34,31247
2025,1,4600.00,400,0,36,31737
2025,1,4650.00,412,0,37,32227
2025,1,4700.00,424,0,38,32717
2025,1,4750.00,436,0,39,33207
2025,1,4800.00,448,0,40,33698
2025,1,4850.00,460,0,41,34188
2025,1,4900.00,472,0,42,34678
2025,1,4950.00,484,0,43,35168
2025,1,5000.00,497,0,44,35658
2025,1,5050.00,509,0,45,36149
2025,1,5100.00,522,0,46,36639
2025,1,5150.00,534,0,48,37129
2025,1,5200.00,547,0,49,37619
2025,1,5250.00,560,0,50,38109
2025,1,5300.00,573,0,51,38600
2025,1,5350.00,585,0,52,39090
2025,1,5400.00,598,0,53,39580
2025,1,5450.00,611,0,54,40070
2025,1,5500.00,625,0,56,40560
2025,1,5550.00,639,0,57,41091
2025,1,5600.00,653,0,58,41635
2025,1,5650.00,668,0,60,42180
2025,1,5700.00,683,0,61,42724
2025,1,5750.00,698,0,62,43268
2025,1,5800.00,713,0,64,43812
2025,1,5850.00,728,0,65,44356
2025,1,5900.00,744,0,66,44901
2025,1,5950.00,759,0,68,45445
2025,1,6000.00,774,0,69,45989
2025,1,6050.00,790,0,71,46533
2025,1,6100.00,805,0,72,47077
2025,1,6150.00,821,0,73,47622
2025,1,6200.00,837,0,75,48166
2025,1,6250.00,853,0,76,48710
2025,1,6300.00,868,0,78,49254
2025,1,6350.00,884,0,79,49798
2025,1,6400.00,901,0,81,50343
2025,1,6450.00,917,0,82,50887
2025,1,6500.00,933,0,83,51431
2025,1,6550.00,949,0,85,51975
2025,1,6600.00,966,0,86,52519
2025,1,6650.00,982,0,88,53064
2025,1,6700.00,999,0,89,53608
2025,1,6750.00,1016,0,91,54152
2025,1,6800.00,1033,0,92,54696
2025,1,6850.00,1049,0,94,55240
2025,1,6900.00,1066,0,95,55785
2025,1,6950.00,1083,0,97,56329
2025,1,7000.00,1101,0,99,56873
2025,1,7050.00,1118,0,100,57417
2025,1,7100.00,1135,0,102,57961
2025,1,7150.00,1153,0,103,58506
2025,1,7200.00,1170,0,105,59050
2025,1,7250.00,1188,0,106,59594
2025,1,7300.00,1205,0,108,60138
2025,1,7350.00,1223,0,110,60682
2025,1,7400.00,1241,0,111,61227
2025,1,7450.00,1259,0,113,61771
2025,1,7500.00,1277,0,114,62315
2025,1,7550.00,1295,0,116,62859
2025,1,7600.00,1313,0,118,63403
2025,1,7650.00,1331,0,119,63948
2025,1,7700.00,1350,0,121,64492
2025,1,7750.00,1368,0,123,65036
2025,1,7800.00,1387,0,124,65580
2025,1,7850.00,1405,0,126,66124
2025,1,7900.00,1424,0,128,66669
2025,1,7950.00,1443,0,129,67213
2025,1,8000.00,1462,0,131,67757
2025,1,8050.00,1481,0,133,68301
2025,1,8100.00,1502,0,135,68901
2025,1,8150.00,1523,0,137,69501
2025,1,8200.00,1544,0,138,70101
2025,1,8250.00,1565,0,140,70701
2025,1,8300.00,1586,0,142,71301
2025,1,8350.00,1607,0,144,71901
2025,1,8400.00,1628,0,146,72501
2025,1,8450.00,1649,0,148,73101
2025,1,8500.00,1670,0,150,73701
2025,1,8550.00,1691,3,152,74301
2025,1,8600.00,1712,5,154,74901
2025,1,8650.00,1733,8,155,75501
2025,1,8700.00,1754,10,157,76101
2025,1,8750.00,1775,13,159,76701
2025,1,8800.00,1796,15,161,77301
2025,1,8850.00,1817,18,163,77901
2025,1,8900.00,1838,20,165,78501
2025,1,8950.00,1859,23,167,79101
2025,1,9000.00,1880,25,169,79701
2025,1,9050.00,1901,28,171,80301
2025,1,9100.00,1922,30,172,80901
2025,1,9150.00,1943,33,174,81501
2025,1,9200.00,1964,35,176,82101
2025,1,9250.00,1985,38,178,82701
2025,1,9300.00,2006,40,180,83301
2025,1,9350.00,2027,43,182,83901
2025,1,9400.00,2048,45,184,84501
2025,1,9450.00,2069,48,186,85101
2025,1,9500.00,2090,50,188,85701
2025,1,9550.00,2111,53,189,86301
2025,1,9600.00,2132,55,191,86901
2025,1,9650.00,2153,58,193,87501
2025,1,9700.00,2174,60,195,88101
2025,1,9750.00,2195,63,197,88701
2025,1,9800.00,2216,65,199,89301
2025,1,9850.00,2237,68,201,89901
2025,1,9900.00,2258,70,203,90501
2025,1,9950.00,2279,73,205,91101
2025,1,10000.00,2300,75,207,91701
2025,1,10050.00,2321,78,208,92301
2025,1,10100.00,2342,80,210,92901
2025,1,10150.00,2363,83,212,93501
2025,1,10200.00,2384,85,214,94101
2025,1,10250.00,2405,88,216,94701
2025,1,10300.00,2426,90,218,95301
2025,1,10350.00,2447,93,220,95901
2025,1,10400.00,2468,95,222,96501
2025,1,10450.00,2489,98,224,97101
2025,1,10500.00,2510,100,225,97701
2025,1,10550.00,2531,103,227,98301
2025,1,10600.00,2552,105,229,98901
2025,1,10650.00,2573,108,231,99501
2025,1,10700.00,2594,110,233,100101
2025,1,10750.00,2615,113,235,100701
2025,1,10800.00,2636,115,237,101301
2025,1,10850.00,2657,118,239,101901
2025,1,10900.00,2678,120,241,102501
2025,1,10950.00,2699,123,242,103101
2025,1,11000.00,2720,125,244,103701
2025,1,11050.00,2741,128,246,104301
2025,1,11100.00,2762,130,248,104901
2025,1,11150.00,2783,133,250,105501
2025,1,11200.00,2804,135,252,106101
2025,1,11250.00,2825,138,254,106701
2025,1,11300.00,2846,140,256,107301
2025,1,11350.00,2867,143,258,107901
2025,1,11400.00,2888,145,259,108501
2025,1,11450.00,2909,148,261,109101
2025,1,11500.00,2930,150,263,109701
2025,1,11550.00,2951,153,265,110301
2025,1,11600.00,2972,155,267,110901
2025,1,11650.00,2993,158,269,111501
2025,1,11700.00,3014,160,271,112101
2025,1,11750.00,3035,163,273,112701
2025,1,11800.00,3056,165,275,113301
2025,1,11850.00,3077,168,276,113901
2025,1,11900.00,3098,170,278,114501
2025,1,11950.00,3119,171,280,115101
2025,1,12000.00,3140,172,282,115701
2025,1,12050.00,3161,173,284,116301
2025,1,12100.00,3182,175,286,116901
2025,1,12150.00,3203,176,288,117501
2025,1,12200.00,3224,177,290,118101
2025,1,12250.00,3245,178,292,118701
2025,1,12300.00,3266,179,293,119301
2025,1,12350.00,3287,180,295,119901
2025,1,12400.00,3308,181,297,120501
2025,1,12450.00,3329,183,299,121101
2025,1,12500.00,3350,184,301,121701
2025,1,12550.00,3371,185,303,122301
2025,1,12600.00,3392,186,305,122901
2025,1,12650.00,3413,187,307,123501
2025,1,12700.00,3434,188,309,124101
2025,1,12750.00,3455,190,310,124701
2025,1,12800.00,3476,191,312,125301
2025,1,12850.00,3497,192,314,125901
2025,1,12900.00,3518,193,316,126501
2025,1,12950.00,3539,194,318,127101
2025,1,13000.00,3560,195,320,127701
2025,1,13050.00,3581,196,322,128301
2025,1,13100.00,3602,198,324,128901
2025,1,13150.00,3623,199,326,129501
2025,1,13200.00,3644,200,327,130101
2025,1,13250.00,3665,201,329,130701
2025,1,13300.00,3686,202,331,131301
2025,1,13350.00,3707,203,333,131901
2025,1,13400.00,3728,205,335,132501
2025,1,13450.00,3749,206,337,133101
2025,1,13500.00,3770,207,339,133701
2025,1,13550.00,3791,208,341,134301
2025,1,13600.00,3812,209,343,134901
2025,1,13650.00,3833,210,344,135501
2025,1,13700.00,3854,211,346,136101
2025,1,13750.00,3875,213,348,136701
2025,1,13800.00,3896,214,350,137301
2025,1,13850.00,3917,215,352,137901
2025,1,13900.00,3938,216,354,138501
2025,1,13950.00,3959,217,356,139101
2025,1,14000.00,3980,218,358,139701
2025,1,14050.00,4001,220,360,140301
2025,1,14100.00,4022,221,361,140901
2025,1,14150.00,4043,222,363,141501
2025,1,14200.00,4064,223,365,142101
2025,1,14250.00,4085,224,367,142701
2025,1,14300.00,4106,225,369,143301
2025,1,14350.00,4127,226,371,143901
2025,1,14400.00,4148,228,373,144501
2025,1,14450.00,4169,229,375,145101
2025,1,14500.00,4190,230,377,145701
2025,1,14550.00,4211,231,378,146301
2025,1,14600.00,4232,232,380,146901
2025,1,14650.00,4253,233,382,147501
2025,1,14700.00,4274,235,384,148101
2025,1,14750.00,4295,236,386,148701
2025,1,14800.00,4316,237,388,149301
2025,1,14850.00,4337,238,390,149901
2025,1,14900.00,4358,239,392,150501
2025,1,14950.00,4379,240,394,151101
2025,1,15000.00,4400,242,396,151701
2025,1,15050.00,4421,243,397,152301
2025,1,15100.00,4442,244,399,152901
2025,1,15150.00,4463,245,401,153501
2025,1,15200.00,4484,246,403,154101
2025,1,15250.00,4505,247,405,154701
2025,1,15300.00,4526,248,407,155301
2025,1,15350.00,4547,250,409,155901
2025,1,15400.00,4568,251,411,156501
2025,1,15450.00,4589,252,413,157101
2025,1,15500.00,4610,253,414,157701
2025,1,15550.00,4631,254,416,158301
2025,1,15600.00,4652,255,418,158901
2025,1,15650.00,4673,257,420,159501
2025,1,15700.00,4694,258,422,160101
2025,1,15750.00,4715,259,424,160701
2025,1,15800.00,4736,260,426,161301
2025,1,15850.00,4757,261,428,161901
2025,1,15900.00,4778,262,430,162501
2025,1,15950.00,4799,263,431,163101
2025,1,16000.00,4820,265,433,163701
2025,1,16050.00,4841,266,435,164301
2025,1,16100.00,4862,267,437,164901
2025,1,16150.00,4883,268,439,165501
2025,1,16200.00,4904,269,441,166101
2025,1,16250.00,4925,270,443,166701
2025,1,16300.00,4946,272,445,167301
2025,1,16350.00,4967,273,447,167901
2025,1,16400.00,4988,274,448,168501
2025,1,16450.00,5009,275,450,169101
2025,1,16500.00,5030,276,452,169701
2025,1,16550.00,5051,277,454,170301
2025,1,16600.00,5072,278,456,170901
2025,1,16650.00,5093,280,458,171501
2025,1,16700.00,5114,281,460,172101
2025,1,16750.00,5135,282,462,172701
2025,1,16800.00,5156,283,464,173301
2025,1,16850.00,5177,284,465,173901
2025,1,16900.00,5198,285,467,174501
2025,1,16950.00,5219,287,469,175101
2025,1,17000.00,5240,288,471,175701
2025,1,17050.00,5261,289,473,176301
2025,1,17100.00,5282,290,475,176901
2025,1,17150.00,5303,291,477,177501
2025,1,17200.00,5324,292,479,178101
2025,1,17250.00,5345,293,481,178701
2025,1,17300.00,5366,295,482,179301
2025,1,17350.00,5387,296,484,179901
2025,1,17400.00,5408,297,486,180501
2025,1,17450.00,5429,298,488,181101
2025,1,17500.00,5450,299,490,181701
2025,1,17550.00,5471,300,492,182301
2025,1,17600.00,5492,302,494,182901
2025,1,17650.00,5513,303,496,183501
2025,1,17700.00,5534,304,498,184101
2025,1,17750.00,5555,305,499,184701
2025,1,17800.00,5576,306,501,185301
2025,1,17850.00,5597,307,503,185901
2025,1,17900.00,5618,308,505,186501
2025,1,17950.00,5639,310,507,187101
2025,1,18000.00,5660,311,509,187701
2025,1,18050.00,5681,312,511,188301
2025,1,18100.00,5702,313,513,188901
2025,1,18150.00,5723,314,515,189501
2025,1,18200.00,5744,315,516,190101
2025,1,18250.00,5765,317,518,190701
2025,1,18300.00,5786,318,520,191301
2025,1,18350.00,5807,319,522,191901
2025,1,18400.00,5828,320,524,192501
2025,1,18450.00,5849,321,526,193101
2025,1,18500.00,5870,322,528,193701
2025,1,18550.00,5891,324,530,194301
2025,1,18600.00,5912,325,532,194901
2025,1,18650.00,5933,326,533,195501
2025,1,18700.00,5954,327,535,196101
2025,1,18750.00,5975,328,537,196701
2025,1,18800.00,5996,329,539,197301
2025,1,18850.00,6017,330,541,197901
2025,1,18900.00,6038,332,543,198501
2025,1,18950.00,6059,333,545,199101
2025,1,19000.00,6080,334,547,199701
2025,1,19050.00,6101,335,549,200301
2025,1,19100.00,6122,336,550,200901
2025,1,19150.00,6143,337,552,201501
2025,1,19200.00,6164,339,554,202101
2025,1,19250.00,6185,340,556,202701
2025,1,19300.00,6206,341,558,203301
2025,1,19350.00,6227,342,560,203901
2025,1,19400.00,6248,343,562,204501
2025,1,19450.00,6269,344,564,205101
2025,1,19500.00,6290,345,566,205701
2025,1,19550.00,6311,347,567,206301
2025,1,19600.00,6332,348,569,206901
2025,1,19650.00,6353,349,571,207501
2025,1,19700.00,6374,350,573,208101
2025,1,19750.00,6395,351,575,208701
2025,1,19800.00,6416,352,577,209301
2025,1,19850.00,6437,354,579,209901
2025,1,19900.00,6458,355,581,210501
2025,1,19950.00,6479,356,583,211101
2025,1,20000.00,6500,357,585,211701
2025,2,0.00,0,0,0,0
2025,2,50.00,0,0,0,0
2025,2,100.00,0,0,0,0
2025,2,150.00,0,0,0,0
2025,2,200.00,0,0,0,0
2025,2,250.00,0,0,0,0
2025,2,300.00,0,0,0,0
2025,2,350.00,0,0,0,0
2025,2,400.00,0,0,0,0
2025,2,450.00,0,0,0,0
2025,2,500.00,0,0,0,0
2025,2,550.00,0,0,0,0
2025,2,600.00,0,0,0,0
2025,2,650.00,0,0,0,0
2025,2,700.00,0,0,0,0
2025,2,750.00,0,0,0,0
2025,2,800.00,0,0,0,0
2025,2,850.00,0,0,0,0
2025,2,900.00,0,0,0,0
2025,2,950.00,0,0,0,0
2025,2,1000.00,0,0,0,0
2025,2,1050.00,0,0,0,0
2025,2,1100.00,0,0,0,0
2025,2,1150.00,0,0,0,0
2025,2,1200.00,0,0,0,0
2025,2,1250.00,0,0,0,0
2025,2,1300.00,0,0,0,0
2025,2,1350.00,0,0,0,0
2025,2,1400.00,0,0,0,0
2025,2,1450.00,0,0,0,0
2025,2,1500.00,0,0,0,0
2025,2,1550.00,0,0,0,0
2025,2,1600.00,0,0,0,0
2025,2,1650.00,0,0,0,0
2025,2,1700.00,0,0,0,0
2025,2,1750.00,0,0,0,0
2025,2,1800.00,0,0,0,26
2025,2,1850.00,0,0,0,516
2025,2,1900.00,0,0,0,1006
2025,2,1950.00,0,0,0,1496
2025,2,2000.00,0,0,0,1986
2025,2,2050.00,0,0,0,2477
2025,2,2100.00,0,0,0,2967
2025,2,2150.00,0,0,0,3457
2025,2,2200.00,0,0,0,3947
2025,2,2250.00,0,0,0,4437
2025,2,2300.00,0,0,0,4928
2025,2,2350.00,0,0,0,5418
2025,2,2400.00,0,0,0,5908
2025,2,2450.00,0,0,0,6398
2025,2,2500.00,0,0,0,6888
2025,2,2550.00,0,0,0,7379
2025,2,2600.00,0,0,0,7869
2025,2,2650.00,0,0,0,8359
2025,2,2700.00,0,0,0,8849
2025,2,2750.00,0,0,0,9339
2025,2,2800.00,0,0,0,9830
2025,2,2850.00,0,0,0,10320
2025,2,2900.00,0,0,0,10810
2025,2,2950.00,0,0,0,11300
2025,2,3000.00,0,0,0,11790
2025,2,3050.00,2,0,0,12281
2025,2,3100.00,8,0,0,12771
2025,2,3150.00,14,0,1,13261
2025,2,3200.00,21,0,1,13751
2025,2,3250.00,28,0,2,14241
2025,2,3300.00,36,0,3,14732
2025,2,3350.00,44,0,3,15222
2025,2,3400.00,52,0,4,15712
2025,2,3450.00,61,0,5,16202
2025,2,3500.00,70,0,6,16692
2025,2,3550.00,79,0,7,17183
2025,2,3600.00,89,0,8,17673
2025,2,3650.00,99,0,8,18163
2025,2,3700.00,108,0,9,18653
2025,2,3750.00,118,0,10,19143
2025,2,3800.00,129,0,11,19634
2025,2,3850.00,139,0,12,20124
2025,2,3900.00,149,0,13,20614
2025,2,3950.00,159,0,14,21104
2025,2,4000.00,170,0,15,21594
2025,2,4050.00,180,0,16,22085
2025,2,4100.00,190,0,17,22575
2025,2,4150.00,201,0,18,23065
2025,2,4200.00,212,0,19,23555
2025,2,4250.00,222,0,19,24045
2025,2,4300.00,233,0,20,24536
2025,2,4350.00,244,0,21,25026
2025,2,4400.00,255,0,22,25516
2025,2,4450.00,266,0,23,26006
2025,2,4500.00,277,0,24,26496
2025,2,4550.00,288,0,25,26987
2025,2,4600.00,299,0,26,27477
2025,2,4650.00,311,0,27,27967
2025,2,4700.00,322,0,28,28457
2025,2,4750.00,333,0,29,28947
2025,2,4800.00,345,0,31,29438
2025,2,4850.00,356,0,32,29928
2025,2,4900.00,368,0,33,30418
2025,2,4950.00,380,0,34,30908
2025,2,5000.00,392,0,35,31398
2025,2,5050.00,403,0,36,31889
2025,2,5100.00,415,0,37,32379
2025,2,5150.00,427,0,38,32869
2025,2,5200.00,439,0,39,33359
2025,2,5250.00,451,0,40,33849
2025,2,5300.00,464,0,41,34340
2025,2,5350.00,476,0,42,34830
2025,2,5400.00,488,0,43,35320
2025,2,5450.00,501,0,45,35810
2025,2,5500.00,513,0,46,36300
2025,2,5550.00,527,0,47,36831
2025,2,5600.00,541,0,48,37375
2025,2,5650.00,555,0,49,37920
2025,2,5700.00,569,0,51,38464
2025,2,5750.00,583,0,52,39008
2025,2,5800.00,598,0,53,39552
2025,2,5850.00,612,0,55,40096
2025,2,5900.00,627,0,56,40641
2025,2,5950.00,641,0,57,41185
2025,2,6000.00,656,0,59,41729
2025,2,6050.00,671,0,60,42273
2025,2,6100.00,686,0,61,42817
2025,2,6150.00,701,0,63,43362
2025,2,6200.00,716,0,64,43906
2025,2,6250.00,731,0,65,44450
2025,2,6300.00,746,0,67,44994
2025,2,6350.00,761,0,68,45538
2025,2,6400.00,777,0,69,46083
2025,2,6450.00,792,0,71,46627
2025,2,6500.00,808,0,72,47171
2025,2,6550.00,824,0,74,47715
2025,2,6600.00,839,0,75,48259
2025,2,6650.00,855,0,76,48804
2025,2,6700.00,871,0,78,49348
2025,2,6750.00,887,0,79,49892
2025,2,6800.00,903,0,81,50436
2025,2,6850.00,920,0,82,50980
2025,2,6900.00,936,0,84,51525
2025,2,6950.00,952,0,85,52069
2025,2,7000.00,969,0,87,52613
2025,2,7050.00,985,0,88,53157
2025,2,7100.00,1002,0,90,53701
2025,2,7150.00,1019,0,91,54246
2025,2,7200.00,1035,0,93,54790
2025,2,7250.00,1052,0,94,55334
2025,2,7300.00,1069,0,96,55878
2025,2,7350.00,1086,0,97,56422
2025,2,7400.00,1104,0,99,56967
2025,2,7450.00,1121,0,100,57511
2025,2,7500.00,1138,0,102,58055
2025,2,7550.00,1156,0,104,58599
2025,2,7600.00,1173,0,105,59143
2025,2,7650.00,1191,0,107,59688
2025,2,7700.00,1208,0,108,60232
2025,2,7750.00,1226,0,110,60776
2025,2,7800.00,1244,0,111,61320
2025,2,7850.00,1262,0,113,61864
2025,2,7900.00,1280,0,115,62409
2025,2,7950.00,1298,0,116,62953
2025,2,8000.00,1316,0,118,63497
2025,2,8050.00,1335,0,120,64041
2025,2,8100.00,1355,0,121,64641
2025,2,8150.00,1375,0,123,65241
2025,2,8200.00,1396,0,125,65841
2025,2,8250.00,1416,0,127,66441
2025,2,8300.00,1437,0,129,67041
2025,2,8350.00,1458,0,131,67641
2025,2,8400.00,1479,0,133,68241
2025,2,8450.00,1500,0,135,68841
2025,2,8500.00,1521,0,136,69441
2025,2,8550.00,1542,0,138,70041
2025,2,8600.00,1563,0,140,70641
2025,2,8650.00,1584,0,142,71241
2025,2,8700.00,1605,0,144,71841
2025,2,8750.00,1626,0,146,72441
2025,2,8800.00,1647,0,148,73041
2025,2,8850.00,1668,0,150,73641
2025,2,8900.00,1689,3,152,74241
2025,2,8950.00,1710,5,153,74841
2025,2,9000.00,1731,8,155,75441
2025,2,9050.00,1752,10,157,76041
2025,2,9100.00,1773,13,159,76641
2025,2,9150.00,1794,15,161,77241
2025,2,9200.00,1815,18,163,77841
2025,2,9250.00,1836,20,165,78441
2025,2,9300.00,1857,23,167,79041
2025,2,9350.00,1878,25,169,79641
2025,2,9400.00,1899,28,170,80241
2025,2,9450.00,1920,30,172,80841
2025,2,9500.00,1941,33,174,81441
2025,2,9550.00,1962,35,176,82041
2025,2,9600.00,1983,38,178,82641
2025,2,9650.00,2004,40,180,83241
2025,2,9700.00,2025,43,182,83841
2025,2,9750.00,2046,45,184,84441
2025,2,9800.00,2067,48,186,85041
2025,2,9850.00,2088,50,187,85641
2025,2,9900.00,2109,53,189,86241
2025,2,9950.00,2130,55,191,86841
2025,2,10000.00,2151,58,193,87441
2025,2,10050.00,2172,60,195,88041
2025,2,10100.00,2193,63,197,88641
2025,2,10150.00,2214,65,199,89241
2025,2,10200.00,2235,68,201,89841
2025,2,10250.00,2256,70,203,90441
2025,2,10300.00,2277,73,204,91041
2025,2,10350.00,2298,75,206,91641
2025,2,10400.00,2319,78,208,92241
2025,2,10450.00,2340,80,210,92841
2025,2,10500.00,2361,83,212,93441
2025,2,10550.00,2382,85,214,94041
2025,2,10600.00,2403,88,216,94641
2025,2,10650.00,2424,90,218,95241
2025,2,10700.00,2445,93,220,95841
2025,2,10750.00,2466,95,221,96441
2025,2,10800.00,2487,98,223,97041
2025,2,10850.00,2508,100,225,97641
2025,2,10900.00,2529,103,227,98241
2025,2,10950.00,2550,105,229,98841
2025,2,11000.00,2571,108,231,99441
2025,2,11050.00,2592,110,233,100041
2025,2,11100.00,2613,113,235,100641
2025,2,11150.00,2634,115,237,101241
2025,2,11200.00,2655,118,238,101841
2025,2,11250.00,2676,120,240,102441
2025,2,11300.00,2697,123,242,103041
2025,2,11350.00,2718,125,244,103641
2025,2,11400.00,2739,128,246,104241
2025,2,11450.00,2760,130,248,104841
2025,2,11500.00,2781,133,250,105441
2025,2,11550.00,2802,135,252,106041
2025,2,11600.00,2823,138,254,106641
2025,2,11650.00,2844,140,255,107241
2025,2,11700.00,2865,143,257,107841
2025,2,11750.00,2886,145,259,108441
2025,2,11800.00,2907,148,261,109041
2025,2,11850.00,2928,150,263,109641
2025,2,11900.00,2949,153,265,110241
2025,2,11950.00,2970,155,267,110841
2025,2,12000.00,2991,158,269,111441
2025,2,12050.00,3012,160,271,112041
2025,2,12100.00,3033,163,272,112641
2025,2,12150.00,3054,165,274,113241
2025,2,12200.00,3075,168,276,113841
2025,2,12250.00,3096,170,278,114441
2025,2,12300.00,3117,171,280,115041
2025,2,12350.00,3138,172,282,115641
2025,2,12400.00,3159,173,284,116241
2025,2,12450.00,3180,174,286,116841
2025,2,12500.00,3201,176,288,117441
2025,2,12550.00,3222,177,289,118041
2025,2,12600.00,3243,178,291,118641
2025,2,12650.00,3264,179,293,119241
2025,2,12700.00,3285,180,295,119841
2025,2,12750.00,3306,181,297,120441
2025,2,12800.00,3327,182,299,121041
2025,2,12850.00,3348,184,301,121641
2025,2,12900.00,3369,185,303,122241
2025,2,12950.00,3390,186,305,122841
2025,2,13000.00,3411,187,306,123441
2025,2,13050.00,3432,188,308,124041
2025,2,13100.00,3453,189,310,124641
2025,2,13150.00,3474,191,312,125241
2025,2,13200.00,3495,192,314,125841
2025,2,13250.00,3516,193,316,126441
2025,2,13300.00,3537,194,318,127041
2025,2,13350.00,3558,195,320,127641
2025,2,13400.00,3579,196,322,128241
2025,2,13450.00,3600,198,324,128841
2025,2,13500.00,3621,199,325,129441
2025,2,13550.00,3642,200,327,130041
2025,2,13600.00,3663,201,329,130641
2025,2,13650.00,3684,202,331,131241
2025,2,13700.00,3705,203,333,131841
2025,2,13750.00,3726,204,335,132441
2025,2,13800.00,3747,206,337,133041
2025,2,13850.00,3768,207,339,133641
2025,2,13900.00,3789,208,341,134241
2025,2,13950.00,3810,209,342,134841
2025,2,14000.00,3831,210,344,135441
2025,2,14050.00,3852,211,346,136041
2025,2,14100.00,3873,213,348,136641
2025,2,14150.00,3894,214,350,137241
2025,2,14200.00,3915,215,352,137841
2025,2,14250.00,3936,216,354,138441
2025,2,14300.00,3957,217,356,139041
2025,2,14350.00,3978,218,358,139641
2025,2,14400.00,3999,219,359,140241
2025,2,14450.00,4020,221,361,140841
2025,2,14500.00,4041,222,363,141441
2025,2,14550.00,4062,223,365,142041
2025,2,14600.00,4083,224,367,142641
2025,2,14650.00,4104,225,369,143241
2025,2,14700.00,4125,226,371,143841
2025,2,14750.00,4146,228,373,144441
2025,2,14800.00,4167,229,375,145041
2025,2,14850.00,4188,230,376,145641
2025,2,14900.00,4209,231,378,146241
2025,2,14950.00,4230,232,380,146841
2025,2,15000.00,4251,233,382,147441
2025,2,15050.00,4272,234,384,148041
2025,2,15100.00,4293,236,386,148641
2025,2,15150.00,4314,237,388,149241
2025,2,15200.00,4335,238,390,149841
2025,2,15250.00,4356,239,392,150441
2025,2,15300.00,4377,240,393,151041
2025,2,15350.00,4398,241,395,151641
2025,2,15400.00,4419,243,397,152241
2025,2,15450.00,4440,244,399,152841
2025,2,15500.00,4461,245,401,153441
2025,2,15550.00,4482,246,403,154041
2025,2,15600.00,4503,247,405,154641
2025,2,15650.00,4524,248,407,155241
2025,2,15700.00,4545,249,409,155841
2025,2,15750.00,4566,251,410,156441
2025,2,15800.00,4587,252,412,157041
2025,2,15850.00,4608,253,414,157641
2025,2,15900.00,4629,254,416,158241
2025,2,15950.00,4650,255,418,158841
2025,2,16000.00,4671,256,420,159441
2025,2,16050.00,4692,258,422,160041
2025,2,16100.00,4713,259,424,160641
2025,2,16150.00,4734,260,426,161241
2025,2,16200.00,4755,261,427,161841
2025,2,16250.00,4776,262,429,162441
2025,2,16300.00,4797,263,431,163041
2025,2,16350.00,4818,264,433,163641
2025,2,16400.00,4839,266,435,164241
2025,2,16450.00,4860,267,437,164841
2025,2,16500.00,4881,268,439,165441
2025,2,16550.00,4902,269,441,166041
2025,2,16600.00,4923,270,443,166641
2025,2,16650.00,4944,271,444,167241
2025,2,16700.00,4965,273,446,167841
2025,2,16750.00,4986,274,448,168441
2025,2,16800.00,5007,275,450,169041
2025,2,16850.00,5028,276,452,169641
2025,2,16900.00,5049,277,454,170241
2025,2,16950.00,5070,278,456,170841
2025,2,17000.00,5091,280,458,171441
2025,2,17050.00,5112,281,460,172041
2025,2,17100.00,5133,282,461,172641
2025,2,17150.00,5154,283,463,173241
2025,2,17200.00,5175,284,465,173841
2025,2,17250.00,5196,285,467,174441
2025,2,17300.00,5217,286,469,175041
2025,2,17350.00,5238,288,471,175641
2025,2,17400.00,5259,289,473,176241
2025,2,17450.00,5280,290,475,176841
2025,2,17500.00,5301,291,477,177441
2025,2,17550.00,5322,292,478,178041
2025,2,17600.00,5343,293,480,178641
2025,2,17650.00,5364,295,482,179241
2025,2,17700.00,5385,296,484,179841
2025,2,17750.00,5406,297,486,180441
2025,2,17800.00,5427,298,488,181041
2025,2,17850.00,5448,299,490,181641
2025,2,17900.00,5469,300,492,182241
2025,2,17950.00,5490,301,494,182841
2025,2,18000.00,5511,303,495,183441
2025,2,18050.00,5532,304,497,184041
2025,2,18100.00,5553,305,499,184641
2025,2,18150.00,5574,306,501,185241
2025,2,18200.00,5595,307,503,185841
2025,2,18250.00,5616,308,505,186441
2025,2,18300.00,5637,310,507,187041
2025,2,18350.00,5658,311,509,187641
2025,2,18400.00,5679,312,511,188241
2025,2,18450.00,5700,313,513,188841
2025,2,18500.00,5721,314,514,189441
2025,2,18550.00,5742,315,516,190041
2025,2,18600.00,5763,316,518,190641
2025,2,18650.00,5784,318,520,191241
2025,2,18700.00,5805,319,522,191841
2025,2,18750.00,5826,320,524,192441
2025,2,18800.00,5847,321,526,193041
2025,2,18850.00,5868,322,528,193641
2025,2,18900.00,5889,323,530,194241
2025,2,18950.00,5910,325,531,194841
2025,2,19000.00,5931,326,533,195441
2025,2,19050.00,5952,327,535,196041
2025,2,19100.00,5973,328,537,196641
2025,2,19150.00,5994,329,539,197241
2025,2,19200.00,6015,330,541,197841
2025,2,19250.00,6036,331,543,198441
2025,2,19300.00,6057,333,545,199041
2025,2,19350.00,6078,334,547,199641
2025,2,19400.00,6099,335,548,200241
2025,2,19450.00,6120,336,550,200841
2025,2,19500.00,6141,337,552,201441
2025,2,19550.00,6162,338,554,202041
2025,2,19600.00,6183,340,556,202641
2025,2,19650.00,6204,341,558,203241
2025,2,19700.00,6225,342,560,203841
2025,2,19750.00,6246,343,562,204441
2025,2,19800.00,6267,344,564,205041
2025,2,19850.00,6288,345,565,205641
2025,2,19900.00,6309,346,567,206241
2025,2,19950.00,6330,348,569,206841
2025,2,20000.00,6351,349,571,207441
2025,3,0.00,0,0,0,0
2025,3,50.00,0,0,0,0
2025,3,100.00,0,0,0,0
2025,3,150.00,0,0,0,0
2025,3,200.00,0,0,0,0
2025,3,250.00,0,0,0,0
2025,3,300.00,0,0,0,0
2025,3,350.00,0,0,0,0
2025,3,400.00,0,0,0,0
2025,3,450.00,0,0,0,0
2025,3,500.00,0,0,0,0
2025,3,550.00,0,0,0,0
2025,3,600.00,0,0,0,0
2025,3,650.00,0,0,0,0
2025,3,700.00,0,0,0,0
2025,3,750.00,0,0,0,0
2025,3,800.00,0,0,0,0
2025,3,850.00,0,0,0,0
2025,3,900.00,0,0,0,0
2025,3,950.00,0,0,0,0
2025,3,1000.00,0,0,0,0
2025,3,1050.00,0,0,0,0
2025,3,1100.00,0,0,0,0
2025,3,1150.00,0,0,0,0
2025,3,1200.00,0,0,0,0
2025,3,1250.00,0,0,0,0
2025,3,1300.00,0,0,0,0
2025,3,1350.00,0,0,0,0
2025,3,1400.00,0,0,0,0
2025,3,1450.00,0,0,0,0
2025,3,1500.00,0,0,0,0
2025,3,1550.00,0,0,0,0
2025,3,1600.00,0,0,0,0
2025,3,1650.00,0,0,0,0
2025,3,1700.00,0,0,0,0
2025,3,1750.00,0,0,0,0
2025,3,1800.00,0,0,0,0
2025,3,1850.00,0,0,0,0
2025,3,1900.00,0,0,0,0
2025,3,1950.00,0,0,0,0
2025,3,2000.00,0,0,0,0
2025,3,2050.00,0,0,0,0
2025,3,2100.00,0,0,0,0
2025,3,2150.00,0,0,0,0
2025,3,2200.00,0,0,0,0
2025,3,2250.00,0,0,0,0
2025,3,2300.00,0,0,0,0
2025,3,2350.00,0,0,0,0
2025,3,2400.00,0,0,0,0
2025,3,2450.00,0,0,0,0
2025,3,2500.00,0,0,0,0
2025,3,2550.00,0,0,0,0
2025,3,2600.00,0,0,0,33
2025,3,2650.00,0,0,0,523
2025,3,2700.00,0,0,0,1013
2025,3,2750.00,0,0,0,1503
2025,3,2800.00,0,0,0,1994
2025,3,2850.00,0,0,0,2484
2025,3,2900.00,0,0,0,2974
2025,3,2950.00,0,0,0,3464
2025,3,3000.00,0,0,0,3954
2025,3,3050.00,0,0,0,4445
2025,3,3100.00,0,0,0,4935
2025,3,3150.00,0,0,0,5425
2025,3,3200.00,0,0,0,5915
2025,3,3250.00,0,0,0,6405
2025,3,3300.00,0,0,0,6896
2025,3,3350.00,0,0,0,7386
2025,3,3400.00,0,0,0,7876
2025,3,3450.00,0,0,0,8366
2025,3,3500.00,0,0,0,8856
2025,3,3550.00,0,0,0,9347
2025,3,3600.00,0,0,0,9837
2025,3,3650.00,0,0,0,10327
2025,3,3700.00,0,0,0,10817
2025,3,3750.00,0,0,0,11307
2025,3,3800.00,0,0,0,11798
2025,3,3850.00,0,0,0,12288
2025,3,3900.00,0,0,0,12778
2025,3,3950.00,0,0,0,13268
2025,3,4000.00,0,0,0,13758
2025,3,4050.00,0,0,0,14249
2025,3,4100.00,0,0,0,14739
2025,3,4150.00,0,0,0,15229
2025,3,4200.00,0,0,0,15719
2025,3,4250.00,0,0,0,16209
2025,3,4300.00,0,0,0,16700
2025,3,4350.00,0,0,0,17190
2025,3,4400.00,0,0,0,17680
2025,3,4450.00,0,0,0,18170
2025,3,4500.00,0,0,0,18660
2025,3,4550.00,0,0,0,19151
2025,3,4600.00,0,0,0,19641
2025,3,4650.00,0,0,0,20131
2025,3,4700.00,0,0,0,20621
2025,3,4750.00,0,0,0,21111
2025,3,4800.00,0,0,0,21602
2025,3,4850.00,0,0,0,22092
2025,3,4900.00,0,0,0,22582
2025,3,4950.00,0,0,0,23072
2025,3,5000.00,0,0,0,23562
2025,3,5050.00,0,0,0,24053
2025,3,5100.00,4,0,0,24543
2025,3,5150.00,10,0,0,25033
2025,3,5200.00,16,0,1,25523
2025,3,5250.00,22,0,1,26013
2025,3,5300.00,29,0,2,26504
2025,3,5350.00,35,0,3,26994
2025,3,5400.00,42,0,3,27484
2025,3,5450.00,49,0,4,27974
2025,3,5500.00,56,0,5,28464
2025,3,5550.00,64,0,5,28995
2025,3,5600.00,73,0,6,29539
2025,3,5650.00,82,0,7,30084
2025,3,5700.00,91,0,8,30628
2025,3,5750.00,100,0,9,31172
2025,3,5800.00,109,0,9,31716
2025,3,5850.00,119,0,10,32260
2025,3,5900.00,129,0,11,32805
2025,3,5950.00,139,0,12,33349
2025,3,6000.00,149,0,13,33893
2025,3,6050.00,160,0,14,34437
2025,3,6100.00,171,0,15,34981
2025,3,6150.00,182,0,16,35526
2025,3,6200.00,192,0,17,36070
2025,3,6250.00,203,0,18,36614
2025,3,6300.00,214,0,19,37158
2025,3,6350.00,226,0,20,37702
2025,3,6400.00,237,0,21,38247
2025,3,6450.00,248,0,22,38791
2025,3,6500.00,259,0,23,39335
2025,3,6550.00,270,0,24,39879
2025,3,6600.00,282,0,25,40423
2025,3,6650.00,293,0,26,40968
2025,3,6700.00,304,0,27,41512
2025,3,6750.00,316,0,28,42056
2025,3,6800.00,327,0,29,42600
2025,3,6850.00,339,0,30,43144
2025,3,6900.00,350,0,31,43689
2025,3,6950.00,362,0,32,44233
2025,3,7000.00,373,0,33,44777
2025,3,7050.00,385,0,34,45321
2025,3,7100.00,397,0,35,45865
2025,3,7150.00,409,0,36,46410
2025,3,7200.00,420,0,37,46954
2025,3,7250.00,432,0,38,47498
2025,3,7300.00,444,0,39,48042
2025,3,7350.00,456,0,41,48586
2025,3,7400.00,468,0,42,49131
2025,3,7450.00,480,0,43,49675
2025,3,7500.00,492,0,44,50219
2025,3,7550.00,504,0,45,50763
2025,3,7600.00,517,0,46,51307
2025,3,7650.00,529,0,47,51852
2025,3,7700.00,541,0,48,52396
2025,3,7750.00,553,0,49,52940
2025,3,7800.00,566,0,50,53484
2025,3,7850.00,578,0,52,54028
2025,3,7900.00,590,0,53,54573
2025,3,7950.00,603,0,54,55117
2025,3,8000.00,615,0,55,55661
2025,3,8050.00,628,0,56,56205
2025,3,8100.00,642,0,57,56805
2025,3,8150.00,656,0,59,57405
2025,3,8200.00,670,0,60,58005
2025,3,8250.00,684,0,61,58605
2025,3,8300.00,698,0,62,59205
2025,3,8350.00,712,0,64,59805
2025,3,8400.00,726,0,65,60405
2025,3,8450.00,741,0,66,61005
2025,3,8500.00,755,0,67,61605
2025,3,8550.00,769,0,69,62205
2025,3,8600.00,784,0,70,62805
2025,3,8650.00,798,0,71,63405
2025,3,8700.00,813,0,73,64005
2025,3,8750.00,827,0,74,64605
2025,3,8800.00,842,0,75,65205
2025,3,8850.00,857,0,77,65805
2025,3,8900.00,871,0,78,66405
2025,3,8950.00,886,0,79,67005
2025,3,9000.00,901,0,81,67605
2025,3,9050.00,916,0,82,68205
2025,3,9100.00,931,0,83,68805
2025,3,9150.00,946,0,85,69405
2025,3,9200.00,961,0,86,70005
2025,3,9250.00,976,0,87,70605
2025,3,9300.00,991,0,89,71205
2025,3,9350.00,1006,0,90,71805
2025,3,9400.00,1022,0,91,72405
2025,3,9450.00,1037,0,93,73005
2025,3,9500.00,1052,0,94,73605
2025,3,9550.00,1068,0,96,74205
2025,3,9600.00,1083,0,97,74805
2025,3,9650.00,1099,0,98,75405
2025,3,9700.00,1114,0,100,76005
2025,3,9750.00,1130,0,101,76605
2025,3,9800.00,1146,0,103,77205
2025,3,9850.00,1162,0,104,77805
2025,3,9900.00,1177,0,105,78405
2025,3,9950.00,1193,0,107,79005
2025,3,10000.00,1209,0,108,79605
2025,3,10050.00,1225,0,110,80205
2025,3,10100.00,1241,0,111,80805
2025,3,10150.00,1257,0,113,81405
2025,3,10200.00,1273,0,114,82005
2025,3,10250.00,1289,0,116,82605
2025,3,10300.00,1306,0,117,83205
2025,3,10350.00,1322,0,118,83805
2025,3,10400.00,1338,0,120,84405
2025,3,10450.00,1355,0,121,85005
2025,3,10500.00,1371,0,123,85605
2025,3,10550.00,1388,0,124,86205
2025,3,10600.00,1404,0,126,86805
2025,3,10650.00,1421,0,127,87405
2025,3,10700.00,1437,0,129,88005
2025,3,10750.00,1454,0,130,88605
2025,3,10800.00,1471,0,132,89205
2025,3,10850.00,1488,0,133,89805
2025,3,10900.00,1505,0,135,90405
2025,3,10950.00,1521,0,136,91005
2025,3,11000.00,1538,0,138,91605
2025,3,11050.00,1555,0,139,92205
2025,3,11100.00,1572,0,141,92805
2025,3,11150.00,1590,0,143,93405
2025,3,11200.00,1607,0,144,94005
2025,3,11250.00,1624,0,146,94605
2025,3,11300.00,1641,0,147,95205
2025,3,11350.00,1659,0,149,95805
2025,3,11400.00,1676,0,150,96405
2025,3,11450.00,1693,0,152,97005
2025,3,11500.00,1711,0,153,97605
2025,3,11550.00,1729,0,155,98205
2025,3,11600.00,1746,0,157,98805
2025,3,11650.00,1764,0,158,99405
2025,3,11700.00,1782,0,160,100005
2025,3,11750.00,1799,0,161,100605
2025,3,11800.00,1817,0,163,101205
2025,3,11850.00,1835,0,165,101805
2025,3,11900.00,1853,0,166,102405
2025,3,11950.00,1871,0,168,103005
2025,3,12000.00,1889,0,170,103605
2025,3,12050.00,1907,0,171,104205
2025,3,12100.00,1925,0,173,104805
2025,3,12150.00,1943,0,174,105405
2025,3,12200.00,1962,0,176,106005
2025,3,12250.00,1980,0,178,106605
2025,3,12300.00,1998,0,179,107205
2025,3,12350.00,2017,0,181,107805
2025,3,12400.00,2035,0,183,108405
2025,3,12450.00,2054,0,184,109005
2025,3,12500.00,2072,0,186,109605
2025,3,12550.00,2091,0,188,110205
2025,3,12600.00,2109,0,189,110805
2025,3,12650.00,2128,0,191,111405
2025,3,12700.00,2147,0,193,112005
2025,3,12750.00,2166,0,194,112605
2025,3,12800.00,2185,0,196,113205
2025,3,12850.00,2203,0,198,113805
2025,3,12900.00,2222,0,199,114405
2025,3,12950.00,2241,0,201,115005
2025,3,13000.00,2261,0,203,115605
2025,3,13050.00,2280,0,205,116205
2025,3,13100.00,2299,0,206,116805
2025,3,13150.00,2318,0,208,117405
2025,3,13200.00,2337,0,210,118005
2025,3,13250.00,2357,0,212,118605
2025,3,13300.00,2376,0,213,119205
2025,3,13350.00,2396,0,215,119805
2025,3,13400.00,2415,0,217,120405
2025,3,13450.00,2435,0,219,121005
2025,3,13500.00,2454,0,220,121605
2025,3,13550.00,2474,0,222,122205
2025,3,13600.00,2494,0,224,122805
2025,3,13650.00,2514,0,226,123405
2025,3,13700.00,2533,0,227,124005
2025,3,13750.00,2553,0,229,124605
2025,3,13800.00,2573,0,231,125205
2025,3,13850.00,2593,0,233,125805
2025,3,13900.00,2613,0,235,126405
2025,3,13950.00,2633,0,236,127005
2025,3,14000.00,2653,0,238,127605
2025,3,14050.00,2674,0,240,128205
2025,3,14100.00,2694,0,242,128805
2025,3,14150.00,2714,0,244,129405
2025,3,14200.00,2735,0,246,130005
2025,3,14250.00,2755,0,247,130605
2025,3,14300.00,2775,0,249,131205
2025,3,14350.00,2796,0,251,131805
2025,3,14400.00,2817,0,253,132405
2025,3,14450.00,2837,0,255,133005
2025,3,14500.00,2858,0,257,133605
2025,3,14550.00,2879,0,259,134205
2025,3,14600.00,2899,0,260,134805
2025,3,14650.00,2920,0,262,135405
2025,3,14700.00,2941,0,264,136005
2025,3,14750.00,2962,0,266,136605
2025,3,14800.00,2983,0,268,137205
2025,3,14850.00,3004,0,270,137805
2025,3,14900.00,3025,0,272,138405
2025,3,14950.00,3046,0,274,139005
2025,3,15000.00,3067,0,276,139605
2025,3,15050.00,3088,0,277,140205
2025,3,15100.00,3109,0,279,140805
2025,3,15150.00,3130,0,281,141405
2025,3,15200.00,3151,0,283,142005
2025,3,15250.00,3172,0,285,142605
2025,3,15300.00,3193,0,287,143205
2025,3,15350.00,3214,0,289,143805
2025,3,15400.00,3235,0,291,144405
2025,3,15450.00,3256,0,293,145005
2025,3,15500.00,3277,0,294,145605
2025,3,15550.00,3298,0,296,146205
2025,3,15600.00,3319,0,298,146805
2025,3,15650.00,3340,1,300,147405
2025,3,15700.00,3361,4,302,148005
2025,3,15750.00,3382,6,304,148605
2025,3,15800.00,3403,9,306,149205
2025,3,15850.00,3424,11,308,149805
2025,3,15900.00,3445,14,310,150405
2025,3,15950.00,3466,16,311,151005
2025,3,16000.00,3487,19,313,151605
2025,3,16050.00,3508,21,315,152205
2025,3,16100.00,3529,24,317,152805
2025,3,16150.00,3550,26,319,153405
2025,3,16200.00,3571,29,321,154005
2025,3,16250.00,3592,31,323,154605
2025,3,16300.00,3613,34,325,155205
2025,3,16350.00,3634,36,327,155805
2025,3,16400.00,3655,39,328,156405
2025,3,16450.00,3676,41,330,157005
2025,3,16500.00,3697,44,332,157605
2025,3,16550.00,3718,46,334,158205
2025,3,16600.00,3739,49,336,158805
2025,3,16650.00,3760,51,338,159405
2025,3,16700.00,3781,54,340,160005
2025,3,16750.00,3802,56,342,160605
2025,3,16800.00,3823,59,344,161205
2025,3,16850.00,3844,61,345,161805
2025,3,16900.00,3865,64,347,162405
2025,3,16950.00,3886,66,349,163005
2025,3,17000.00,3907,69,351,163605
2025,3,17050.00,3928,71,353,164205
2025,3,17100.00,3949,74,355,164805
2025,3,17150.00,3970,76,357,165405
2025,3,17200.00,3991,79,359,166005
2025,3,17250.00,4012,81,361,166605
2025,3,17300.00,4033,84,362,167205
2025,3,17350.00,4054,86,364,167805
2025,3,17400.00,4075,89,366,168405
2025,3,17450.00,4096,91,368,169005
2025,3,17500.00,4117,94,370,169605
2025,3,17550.00,4138,96,372,170205
2025,3,17600.00,4159,99,374,170805
2025,3,17650.00,4180,101,376,171405
2025,3,17700.00,4201,104,378,172005
2025,3,17750.00,4222,106,379,172605
2025,3,17800.00,4243,109,381,173205
2025,3,17850.00,4264,111,383,173805
2025,3,17900.00,4285,114,385,174405
2025,3,17950.00,4306,116,387,175005
2025,3,18000.00,4327,119,389,175605
2025,3,18050.00,4348,121,391,176205
2025,3,18100.00,4369,124,393,176805
2025,3,18150.00,4390,126,395,177405
2025,3,18200.00,4411,129,396,178005
2025,3,18250.00,4432,131,398,178605
2025,3,18300.00,4453,134,400,179205
2025,3,18350.00,4474,136,402,179805
2025,3,18400.00,4495,139,404,180405
2025,3,18450.00,4516,141,406,181005
2025,3,18500.00,4537,144,408,181605
2025,3,18550.00,4558,146,410,182205
2025,3,18600.00,4579,149,412,182805
2025,3,18650.00,4600,151,414,183405
2025,3,18700.00,4621,154,415,184005
2025,3,18750.00,4642,156,417,184605
2025,3,18800.00,4663,159,419,185205
2025,3,18850.00,4684,161,421,185805
2025,3,18900.00,4705,164,423,186405
2025,3,18950.00,4726,166,425,187005
2025,3,19000.00,4747,169,427,187605
2025,3,19050.00,4768,171,429,188205
2025,3,19100.00,4789,174,431,188805
2025,3,19150.00,4810,176,432,189405
2025,3,19200.00,4831,179,434,190005
2025,3,19250.00,4852,181,436,190605
2025,3,19300.00,4873,184,438,191205
2025,3,19350.00,4894,186,440,191805
2025,3,19400.00,4915,189,442,192405
2025,3,19450.00,4936,191,444,193005
2025,3,19500.00,4957,194,446,193605
2025,3,19550.00,4978,196,448,194205
2025,3,19600.00,4999,199,449,194805
2025,3,19650.00,5020,201,451,195405
2025,3,19700.00,5041,204,453,196005
2025,3,19750.00,5062,206,455,196605
2025,3,19800.00,5083,209,457,197205
2025,3,19850.00,5104,211,459,197805
2025,3,19900.00,5125,214,461,198405
2025,3,19950.00,5146,216,463,199005
2025,3,20000.00,5167,219,465,199605
2025,4,0.00,0,0,0,0
2025,4,50.00,0,0,0,0
2025,4,100.00,0,0,0,0
2025,4,150.00,0,0,0,0
2025,4,200.00,0,0,0,0
2025,4,250.00,0,0,0,0
2025,4,300.00,0,0,0,0
2025,4,350.00,0,0,0,0
2025,4,400.00,0,0,0,0
2025,4,450.00,0,0,0,0
2025,4,500.00,0,0,0,0
2025,4,550.00,0,0,0,0
2025,4,600.00,0,0,0,0
2025,4,650.00,0,0,0,0
2025,4,700.00,0,0,0,0
2025,4,750.00,0,0,0,0
2025,4,800.00,0,0,0,0
2025,4,850.00,0,0,0,0
2025,4,900.00,0,0,0,0
2025,4,950.00,0,0,0,0
2025,4,1000.00,0,0,0,0
2025,4,1050.00,0,0,0,0
2025,4,1100.00,0,0,0,0
2025,4,1150.00,0,0,0,0
2025,4,1200.00,0,0,0,0
2025,4,1250.00,0,0,0,0
2025,4,1300.00,0,0,0,0
2025,4,1350.00,0,0,0,0
2025,4,1400.00,0,0,0,364
2025,4,1450.00,0,0,0,854
2025,4,1500.00,0,0,0,1344
2025,4,1550.00,0,0,0,1835
2025,4,1600.00,0,0,0,2325
2025,4,1650.00,0,0,0,2815
2025,4,1700.00,0,0,0,3305
2025,4,1750.00,0,0,0,3795
2025,4,1800.00,0,0,0,4286
2025,4,1850.00,0,0,0,4776
2025,4,1900.00,0,0,0,5266
2025,4,1950.00,0,0,0,5756
2025,4,2000.00,0,0,0,6246
2025,4,2050.00,0,0,0,6737
2025,4,2100.00,0,0,0,7227
2025,4,2150.00,0,0,0,7717
2025,4,2200.00,0,0,0,8207
2025,4,2250.00,0,0,0,8697
2025,4,2300.00,0,0,0,9188
2025,4,2350.00,0,0,0,9678
2025,4,2400.00,0,0,0,10168
2025,4,2450.00,0,0,0,10658
2025,4,2500.00,0,0,0,11148
2025,4,2550.00,0,0,0,11639
2025,4,2600.00,0,0,0,12129
2025,4,2650.00,6,0,0,12619
2025,4,2700.00,12,0,1,13109
2025,4,2750.00,19,0,1,13599
2025,4,2800.00,26,0,2,14090
2025,4,2850.00,33,0,2,14580
2025,4,2900.00,41,0,3,15070
2025,4,2950.00,49,0,4,15560
2025,4,3000.00,58,0,5,16050
2025,4,3050.00,67,0,6,16541
2025,4,3100.00,76,0,6,17031
2025,4,3150.00,86,0,7,17521
2025,4,3200.00,95,0,8,18011
2025,4,3250.00,105,0,9,18501
2025,4,3300.00,115,0,10,18992
2025,4,3350.00,125,0,11,19482
2025,4,3400.00,136,0,12,19972
2025,4,3450.00,146,0,13,20462
2025,4,3500.00,156,0,14,20952
2025,4,3550.00,166,0,14,21443
2025,4,3600.00,177,0,15,21933
2025,4,3650.00,187,0,16,22423
2025,4,3700.00,198,0,17,22913
2025,4,3750.00,208,0,18,23403
2025,4,3800.00,219,0,19,23894
2025,4,3850.00,230,0,20,24384
2025,4,3900.00,241,0,21,24874
2025,4,3950.00,252,0,22,25364
2025,4,4000.00,263,0,23,25854
2025,4,4050.00,274,0,24,26345
2025,4,4100.00,285,0,25,26835
2025,4,4150.00,296,0,26,27325
2025,4,4200.00,307,0,27,27815
2025,4,4250.00,318,0,28,28305
2025,4,4300.00,330,0,29,28796
2025,4,4350.00,341,0,30,29286
2025,4,4400.00,353,0,31,29776
2025,4,4450.00,364,0,32,30266
2025,4,4500.00,376,0,33,30756
2025,4,4550.00,388,0,34,31247
2025,4,4600.00,400,0,36,31737
2025,4,4650.00,412,0,37,32227
2025,4,4700.00,424,0,38,32717
2025,4,4750.00,436,0,39,33207
2025,4,4800.00,448,0,40,33698
2025,4,4850.00,460,0,41,34188
2025,4,4900.00,472,0,42,34678
2025,4,4950.00,484,0,43,35168
2025,4,5000.00,497,0,44,35658
2025,4,5050.00,509,0,45,36149
2025,4,5100.00,522,0,46,36639
2025,4,5150.00,534,0,48,37129
2025,4,5200.00,547,0,49,37619
2025,4,5250.00,560,0,50,38109
2025,4,5300.00,573,0,51,38600
2025,4,5350.00,585,0,52,39090
2025,4,5400.00,598,0,53,39580
2025,4,5450.00,611,0,54,40070
2025,4,5500.00,625,0,56,40560
2025,4,5550.00,639,0,57,41091
2025,4,5600.00,653,0,58,41635
2025,4,5650.00,668,0,60,42180
2025,4,5700.00,683,0,61,42724
2025,4,5750.00,698,0,62,43268
2025,4,5800.00,713,0,64,43812
2025,4,5850.00,728,0,65,44356
2025,4,5900.00,744,0,66,44901
2025,4,5950.00,759,0,68,45445
2025,4,6000.00,774,0,69,45989
2025,4,6050.00,790,0,71,46533
2025,4,6100.00,805,0,72,47077
2025,4,6150.00,821,0,73,47622
2025,4,6200.00,837,0,75,48166
2025,4,6250.00,853,0,76,48710
2025,4,6300.00,868,0,78,49254
2025,4,6350.00,884,0,79,49798
2025,4,6400.00,901,0,81,50343
2025,4,6450.00,917,0,82,50887
2025,4,6500.00,933,0,83,51431
2025,4,6550.00,949,0,85,51975
2025,4,6600.00,966,0,86,52519
2025,4,6650.00,982,0,88,53064
2025,4,6700.00,999,0,89,53608
2025,4,6750.00,1016,0,91,54152
2025,4,6800.00,1033,0,92,54696
2025,4,6850.00,1049,0,94,55240
2025,4,6900.00,1066,0,95,55785
2025,4,6950.00,1083,0,97,56329
2025,4,7000.00,1101,0,99,56873
2025,4,7050.00,1118,0,100,57417
2025,4,7100.00,1135,0,102,57961
2025,4,7150.00,1153,0,103,58506
2025,4,7200.00,1170,0,105,59050
2025,4,7250.00,1188,0,106,59594
2025,4,7300.00,1205,0,108,60138
2025,4,7350.00,1223,0,110,60682
2025,4,7400.00,1241,0,111,61227
2025,4,7450.00,1259,0,113,61771
2025,4,7500.00,1277,0,114,62315
2025,4,7550.00,1295,0,116,62859
2025,4,7600.00,1313,0,118,63403
2025,4,7650.00,1331,0,119,63948
2025,4,7700.00,1350,0,121,64492
2025,4,7750.00,1368,0,123,65036
2025,4,7800.00,1387,0,124,65580
2025,4,7850.00,1405,0,126,66124
2025,4,7900.00,1424,0,128,66669
2025,4,7950.00,1443,0,129,67213
2025,4,8000.00,1462,0,131,67757
2025,4,8050.00,1481,0,133,68301
2025,4,8100.00,1502,0,135,68901
2025,4,8150.00,1523,0,137,69501
2025,4,8200.00,1544,0,138,70101
2025,4,8250.00,1565,0,140,70701
2025,4,8300.00,1586,0,142,71301
2025,4,8350.00,1607,0,144,71901
2025,4,8400.00,1628,0,146,72501
2025,4,8450.00,1649,0,148,73101
2025,4,8500.00,1670,0,150,73701
2025,4,8550.00,1691,3,152,74301
2025,4,8600.00,1712,5,154,74901
2025,4,8650.00,1733,8,155,75501
2025,4,8700.00,1754,10,157,76101
2025,4,8750.00,1775,13,159,76701
2025,4,8800.00,1796,15,161,77301
2025,4,8850.00,1817,18,163,77901
2025,4,8900.00,1838,20,165,78501
2025,4,8950.00,1859,23,167,79101
2025,4,9000.00,1880,25,169,79701
2025,4,9050.00,1901,28,171,80301
2025,4,9100.00,1922,30,172,80901
2025,4,9150.00,1943,33,174,81501
2025,4,9200.00,1964,35,176,82101
2025,4,9250.00,1985,38,178,82701
2025,4,9300.00,2006,40,180,83301
2025,4,9350.00,2027,43,182,83901
2025,4,9400.00,2048,45,184,84501
2025,4,9450.00,2069,48,186,85101
2025,4,9500.00,2090,50,188,85701
2025,4,9550.00,2111,53,189,86301
2025,4,9600.00,2132,55,191,86901
2025,4,9650.00,2153,58,193,87501
2025,4,9700.00,2174,60,195,88101
2025,4,9750.00,2195,63,197,88701
2025,4,9800.00,2216,65,199,89301
2025,4,9850.00,2237,68,201,89901
2025,4,9900.00,2258,70,203,90501
2025,4,9950.00,2279,73,205,91101
2025,4,10000.00,2300,75,207,91701
2025,4,10050.00,2321,78,208,92301
2025,4,10100.00,2342,80,210,92901
2025,4,10150.00,2363,83,212,93501
2025,4,10200.00,2384,85,214,94101
2025,4,10250.00,2405,88,216,94701
2025,4,10300.00,2426,90,218,95301
2025,4,10350.00,2447,93,220,95901
2025,4,10400.00,2468,95,222,96501
2025,4,10450.00,2489,98,224,97101
2025,4,10500.00,2510,100,225,97701
2025,4,10550.00,2531,103,227,98301
2025,4,10600.00,2552,105,229,98901
2025,4,10650.00,2573,108,231,99501
2025,4,10700.00,2594,110,233,100101
2025,4,10750.00,2615,113,235,100701
2025,4,10800.00,2636,115,237,101301
2025,4,10850.00,2657,118,239,101901
2025,4,10900.00,2678,120,241,102501
2025,4,10950.00,2699,123,242,103101
2025,4,11000.00,2720,125,244,103701
2025,4,11050.00,2741,128,246,104301
2025,4,11100.00,2762,130,248,104901
2025,4,11150.00,2783,133,250,105501
2025,4,11200.00,2804,135,252,106101
2025,4,11250.00,2825,138,254,106701
2025,4,11300.00,2846,140,256,107301
2025,4,11350.00,2867,143,258,107901
2025,4,11400.00,2888,145,259,108501
2025,4,11450.00,2909,148,261,109101
2025,4,11500.00,2930,150,263,109701
2025,4,11550.00,2951,153,265,110301
2025,4,11600.00,2972,155,267,110901
2025,4,11650.00,2993,158,269,111501
2025,4,11700.00,3014,160,271,112101
2025,4,11750.00,3035,163,273,112701
2025,4,11800.00,3056,165,275,113301
2025,4,11850.00,3077,168,276,113901
2025,4,11900.00,3098,170,278,114501
2025,4,11950.00,3119,171,280,115101
2025,4,12000.00,3140,172,282,115701
2025,4,12050.00,3161,173,284,116301
2025,4,12100.00,3182,175,286,116901
2025,4,12150.00,3203,176,288,117501
2025,4,12200.00,3224,177,290,118101
2025,4,12250.00,3245,178,292,118701
2025,4,12300.00,3266,179,293,119301
2025,4,12350.00,3287,180,295,119901
2025,4,12400.00,3308,181,297,120501
2025,4,12450.00,3329,183,299,121101
2025,4,12500.00,3350,184,301,121701
2025,4,12550.00,3371,185,303,122301
2025,4,12600.00,3392,186,305,122901
2025,4,12650.00,3413,187,307,123501
2025,4,12700.00,3434,188,309,124101
2025,4,12750.00,3455,190,310,124701
2025,4,12800.00,3476,191,312,125301
2025,4,12850.00,3497,192,314,125901
2025,4,12900.00,3518,193,316,126501
2025,4,12950.00,3539,194,318,127101
2025,4,13000.00,3560,195,320,127701
2025,4,13050.00,3581,196,322,128301
2025,4,13100.00,3602,198,324,128901
2025,4,13150.00,3623,199,326,129501
2025,4,13200.00,3644,200,327,130101
2025,4,13250.00,3665,201,329,130701
2025,4,13300.00,3686,202,331,131301
2025,4,13350.00,3707,203,333,131901
2025,4,13400.00,3728,205,335,132501
2025,4,13450.00,3749,206,337,133101
2025,4,13500.00,3770,207,339,133701
2025,4,13550.00,3791,208,341,134301
2025,4,13600.00,3812,209,343,134901
2025,4,13650.00,3833,210,344,135501
2025,4,13700.00,3854,211,346,136101
2025,4,13750.00,3875,213,348,136701
2025,4,13800.00,3896,214,350,137301
2025,4,13850.00,3917,215,352,137901
2025,4,13900.00,3938,216,354,138501
2025,4,13950.00,3959,217,356,139101
2025,4,14000.00,3980,218,358,139701
2025,4,14050.00,4001,220,360,140301
2025,4,14100.00,4022,221,361,140901
2025,4,14150.00,4043,222,363,141501
2025,4,14200.00,4064,223,365,142101
2025,4,14250.00,4085,224,367,142701
2025,4,14300.00,4106,225,369,143301
2025,4,14350.00,4127,226,371,143901
2025,4,14400.00,4148,228,373,144501
2025,4,14450.00,4169,229,375,145101
2025,4,14500.00,4190,230,377,145701
2025,4,14550.00,4211,231,378,146301
2025,4,14600.00,4232,232,380,146901
2025,4,14650.00,4253,233,382,147501
2025,4,14700.00,4274,235,384,148101
2025,4,14750.00,4295,236,386,148701
2025,4,14800.00,4316,237,388,149301
2025,4,14850.00,4337,238,390,149901
2025,4,14900.00,4358,239,392,150501
2025,4,14950.00,4379,240,394,151101
2025,4,15000.00,4400,242,396,151701
2025,4,15050.00,4421,243,397,152301
2025,4,15100.00,4442,244,399,152901
2025,4,15150.00,4463,245,401,153501
2025,4,15200.00,4484,246,403,154101
2025,4,15250.00,4505,247,405,154701
2025,4,15300.00,4526,248,407,155301
2025,4,15350.00,4547,250,409,155901
2025,4,15400.00,4568,251,411,156501
2025,4,15450.00,4589,252,413,157101
2025,4,15500.00,4610,253,414,157701
2025,4,15550.00,4631,254,416,158301
2025,4,15600.00,4652,255,418,158901
2025,4,15650.00,4673,257,420,159501
2025,4,15700.00,4694,258,422,160101
2025,4,15750.00,4715,259,424,160701
2025,4,15800.00,4736,260,426,161301
2025,4,15850.00,4757,261,428,161901
2025,4,15900.00,4778,262,430,162501
2025,4,15950.00,4799,263,431,163101
2025,4,16000.00,4820,265,433,163701
2025,4,16050.00,4841,266,435,164301
2025,4,16100.00,4862,267,437,164901
2025,4,16150.00,4883,268,439,165501
2025,4,16200.00,4904,269,441,166101
2025,4,16250.00,4925,270,443,166701
2025,4,16300.00,4946,272,445,167301
2025,4,16350.00,4967,273,447,167901
2025,4,16400.00,4988,274,448,168501
2025,4,16450.00,5009,275,450,169101
2025,4,16500.00,5030,276,452,169701
2025,4,16550.00,5051,277,454,170301
2025,4,16600.00,5072,278,456,170901
2025,4,16650.00,5093,280,458,171501
2025,4,16700.00,5114,281,460,172101
2025,4,16750.00,5135,282,462,172701
2025,4,16800.00,5156,283,464,173301
2025,4,16850.00,5177,284,465,173901
2025,4,16900.00,5198,285,467,174501
2025,4,16950.00,5219,287,469,175101
2025,4,17000.00,5240,288,471,175701
2025,4,17050.00,5261,289,473,176301
2025,4,17100.00,5282,290,475,176901
2025,4,17150.00,5303,291,477,177501
2025,4,17200.00,5324,292,479,178101
2025,4,17250.00,5345,293,481,178701
2025,4,17300.00,5366,295,482,179301
2025,4,17350.00,5387,296,484,179901
2025,4,17400.00,5408,297,486,180501
2025,4,17450.00,5429,298,488,181101
2025,4,17500.00,5450,299,490,181701
2025,4,17550.00,5471,300,492,182301
2025,4,17600.00,5492,302,494,182901
2025,4,17650.00,5513,303,496,183501
2025,4,17700.00,5534,304,498,184101
2025,4,17750.00,5555,305,499,184701
2025,4,17800.00,5576,306,501,185301
2025,4,17850.00,5597,307,503,185901
2025,4,17900.00,5618,308,505,186501
2025,4,17950.00,5639,310,507,187101
2025,4,18000.00,5660,311,509,187701
2025,4,18050.00,5681,312,511,188301
2025,4,18100.00,5702,313,513,188901
2025,4,18150.00,5723,314,515,189501
2025,4,18200.00,5744,315,516,190101
2025,4,18250.00,5765,317,518,190701
2025,4,18300.00,5786,318,520,191301
2025,4,18350.00,5807,319,522,191901
2025,4,18400.00,5828,320,524,192501
2025,4,18450.00,5849,321,526,193101
2025,4,18500.00,5870,322,528,193701
2025,4,18550.00,5891,324,530,194301
2025,4,18600.00,5912,325,532,194901
2025,4,18650.00,5933,326,533,195501
2025,4,18700.00,5954,327,535,196101
2025,4,18750.00,5975,328,537,196701
2025,4,18800.00,5996,329,539,197301
2025,4,18850.00,6017,330,541,197901
2025,4,18900.00,6038,332,543,198501
2025,4,18950.00,6059,333,545,199101
2025,4,19000.00,6080,334,547,199701
2025,4,19050.00,6101,335,549,200301
2025,4,19100.00,6122,336,550,200901
2025,4,19150.00,6143,337,552,201501
2025,4,19200.00,6164,339,554,202101
2025,4,19250.00,6185,340,556,202701
2025,4,19300.00,6206,341,558,203301
2025,4,19350.00,6227,342,560,203901
2025,4,19400.00,6248,343,562,204501
2025,4,19450.00,6269,344,564,205101
2025,4,19500.00,6290,345,566,205701
2025,4,19550.00,6311,347,567,206301
2025,4,19600.00,6332,348,569,206901
2025,4,19650.00,6353,349,571,207501
2025,4,19700.00,6374,350,573,208101
2025,4,19750.00,6395,351,575,208701
2025,4,19800.00,6416,352,577,209301
2025,4,19850.00,6437,354,579,209901
2025,4,19900.00,6458,355,581,210501
2025,4,19950.00,6479,356,583,211101
2025,4,20000.00,6500,357,585,211701
2025,5,0.00,0,0,0,0
2025,5,50.00,0,0,0,0
2025,5,100.00,0,0,0,0
2025,5,150.00,0,0,0,370
2025,5,200.00,0,0,0,915
2025,5,250.00,0,0,0,1460
2025,5,300.00,0,0,0,2005
2025,5,350.00,0,0,0,2550
2025,5,400.00,0,0,0,3095
2025,5,450.00,0,0,0,3640
2025,5,500.00,0,0,0,4185
2025,5,550.00,0,0,0,4731
2025,5,600.00,0,0,0,5276
2025,5,650.00,0,0,0,5821
2025,5,700.00,0,0,0,6366
2025,5,750.00,0,0,0,6911
2025,5,800.00,0,0,0,7456
2025,5,850.00,0,0,0,8001
2025,5,900.00,0,0,0,8546
2025,5,950.00,0,0,0,9091
2025,5,1000.00,0,0,0,9636
2025,5,1050.00,0,0,0,10182
2025,5,1100.00,0,0,0,10727
2025,5,1150.00,0,0,0,11272
2025,5,1200.00,0,0,0,11817
2025,5,1250.00,3,0,0,12362
2025,5,1300.00,9,0,0,12907
2025,5,1350.00,17,0,1,13452
2025,5,1400.00,24,0,2,13997
2025,5,1450.00,33,0,2,14542
2025,5,1500.00,41,0,3,15087
2025,5,1550.00,50,0,4,15633
2025,5,1600.00,60,0,5,16178
2025,5,1650.00,70,0,6,16723
2025,5,1700.00,81,0,7,17268
2025,5,1750.00,92,0,8,17813
2025,5,1800.00,102,0,9,18358
2025,5,1850.00,114,0,10,18903
2025,5,1900.00,125,0,11,19448
2025,5,1950.00,136,0,12,19993
2025,5,2000.00,147,0,13,20538
2025,5,2050.00,159,0,14,21084
2025,5,2100.00,170,0,15,21629
2025,5,2150.00,182,0,16,22174
2025,5,2200.00,194,0,17,22719
2025,5,2250.00,205,0,18,23264
2025,5,2300.00,217,0,19,23809
2025,5,2350.00,229,0,20,24354
2025,5,2400.00,241,0,21,24899
2025,5,2450.00,253,0,22,25444
2025,5,2500.00,266,0,23,25989
2025,5,2550.00,278,0,25,26535
2025,5,2600.00,290,0,26,27080
2025,5,2650.00,303,0,27,27625
2025,5,2700.00,315,0,28,28170
2025,5,2750.00,328,0,29,28715
2025,5,2800.00,341,0,30,29260
2025,5,2850.00,354,0,31,29805
2025,5,2900.00,366,0,32,30350
2025,5,2950.00,379,0,34,30895
2025,5,3000.00,393,0,35,31440
2025,5,3050.00,406,0,36,31986
2025,5,3100.00,419,0,37,32531
2025,5,3150.00,432,0,38,33076
2025,5,3200.00,446,0,40,33621
2025,5,3250.00,459,0,41,34166
2025,5,3300.00,473,0,42,34711
2025,5,3350.00,487,0,43,35256
2025,5,3400.00,500,0,45,35801
2025,5,3450.00,514,0,46,36346
2025,5,3500.00,528,0,47,36891
2025,5,3550.00,542,0,48,37437
2025,5,3600.00,556,0,50,37982
2025,5,3650.00,571,0,51,38527
2025,5,3700.00,585,0,52,39072
2025,5,3750.00,599,0,53,39617
2025,5,3800.00,614,0,55,40162
2025,5,3850.00,628,0,56,40707
2025,5,3900.00,643,0,57,41252
2025,5,3950.00,658,0,59,41797
2025,5,4000.00,673,0,60,42342
2025,5,4050.00,688,0,61,42888
2025,5,4100.00,703,0,63,43433
2025,5,4150.00,718,0,64,43978
2025,5,4200.00,733,0,65,44523
2025,5,4250.00,748,0,67,45068
2025,5,4300.00,764,0,68,45613
2025,5,4350.00,779,0,70,46158
2025,5,4400.00,795,0,71,46703
2025,5,4450.00,810,0,72,47248
2025,5,4500.00,826,0,74,47793
2025,5,4550.00,842,0,75,48339
2025,5,4600.00,858,0,77,48884
2025,5,4650.00,874,0,78,49429
2025,5,4700.00,890,0,80,49974
2025,5,4750.00,906,0,81,50519
2025,5,4800.00,922,0,82,51064
2025,5,4850.00,938,0,84,51609
2025,5,4900.00,955,0,85,52154
2025,5,4950.00,971,0,87,52699
2025,5,5000.00,988,0,88,53244
2025,5,5050.00,1005,0,90,53790
2025,5,5100.00,1021,0,91,54335
2025,5,5150.00,1038,0,93,54880
2025,5,5200.00,1055,0,94,55425
2025,5,5250.00,1072,0,96,55970
2025,5,5300.00,1089,0,98,56515
2025,5,5350.00,1106,0,99,57060
2025,5,5400.00,1124,0,101,57605
2025,5,5450.00,1141,0,102,58150
2025,5,5500.00,1159,0,104,58695
2025,5,5550.00,1177,0,105,59261
2025,5,5600.00,1195,0,107,59833
2025,5,5650.00,1214,0,109,60405
2025,5,5700.00,1233,0,110,60977
2025,5,5750.00,1251,0,112,61549
2025,5,5800.00,1270,0,114,62121
2025,5,5850.00,1289,0,116,62693
2025,5,5900.00,1308,0,117,63266
2025,5,5950.00,1328,0,119,63838
2025,5,6000.00,1347,0,121,64410
2025,5,6050.00,1366,0,122,64982
2025,5,6100.00,1386,0,124,65554
2025,5,6150.00,1405,0,126,66126
2025,5,6200.00,1425,0,128,66698
2025,5,6250.00,1445,0,130,67270
2025,5,6300.00,1465,0,131,67842
2025,5,6350.00,1485,0,133,68414
2025,5,6400.00,1505,0,135,68987
2025,5,6450.00,1525,0,137,69559
2025,5,6500.00,1545,0,139,70131
2025,5,6550.00,1565,0,140,70703
2025,5,6600.00,1585,0,142,71275
2025,5,6650.00,1605,0,144,71847
2025,5,6700.00,1625,0,146,72419
2025,5,6750.00,1645,0,148,72991
2025,5,6800.00,1665,0,149,73563
2025,5,6850.00,1685,2,151,74135
2025,5,6900.00,1705,5,153,74708
2025,5,6950.00,1725,7,155,75280
2025,5,7000.00,1745,9,157,75852
2025,5,7050.00,1765,12,158,76424
2025,5,7100.00,1785,14,160,76996
2025,5,7150.00,1805,17,162,77568
2025,5,7200.00,1825,19,164,78140
2025,5,7250.00,1845,21,166,78712
2025,5,7300.00,1865,24,167,79284
2025,5,7350.00,1885,26,169,79856
2025,5,7400.00,1905,28,171,80429
2025,5,7450.00,1925,31,173,81001
2025,5,7500.00,1945,33,175,81573
2025,5,7550.00,1965,36,176,82145
2025,5,7600.00,1985,38,178,82717
2025,5,7650.00,2005,40,180,83289
2025,5,7700.00,2025,43,182,83861
2025,5,7750.00,2045,45,184,84433
2025,5,7800.00,2065,47,185,85005
2025,5,7850.00,2085,50,187,85577
2025,5,7900.00,2105,52,189,86150
2025,5,7950.00,2125,55,191,86722
2025,5,8000.00,2145,57,193,87294
2025,5,8050.00,2165,59,194,87866
2025,5,8100.00,2186,62,196,88466
2025,5,8150.00,2207,64,198,89066
2025,5,8200.00,2228,67,200,89666
2025,5,8250.00,2249,69,202,90266
2025,5,8300.00,2270,72,204,90866
2025,5,8350.00,2291,74,206,91466
2025,5,8400.00,2312,77,208,92066
2025,5,8450.00,2333,79,209,92666
2025,5,8500.00,2354,82,211,93266
2025,5,8550.00,2375,84,213,93866
2025,5,8600.00,2396,87,215,94466
2025,5,8650.00,2417,89,217,95066
2025,5,8700.00,2438,92,219,95666
2025,5,8750.00,2459,94,221,96266
2025,5,8800.00,2480,97,223,96866
2025,5,8850.00,2501,99,225,97466
2025,5,8900.00,2522,102,226,98066
2025,5,8950.00,2543,104,228,98666
2025,5,9000.00,2564,107,230,99266
2025,5,9050.00,2585,109,232,99866
2025,5,9100.00,2606,112,234,100466
2025,5,9150.00,2627,114,236,101066
2025,5,9200.00,2648,117,238,101666
2025,5,9250.00,2669,119,240,102266
2025,5,9300.00,2690,122,242,102866
2025,5,9350.00,2711,124,243,103466
2025,5,9400.00,2732,127,245,104066
2025,5,9450.00,2753,129,247,104666
2025,5,9500.00,2774,132,249,105266
2025,5,9550.00,2795,134,251,105866
2025,5,9600.00,2816,137,253,106466
2025,5,9650.00,2837,139,255,107066
2025,5,9700.00,2858,142,257,107666
2025,5,9750.00,2879,144,259,108266
2025,5,9800.00,2900,147,261,108866
2025,5,9850.00,2921,149,262,109466
2025,5,9900.00,2942,152,264,110066
2025,5,9950.00,2963,154,266,110666
2025,5,10000.00,2984,157,268,111266
2025,5,10050.00,3005,159,270,111866
2025,5,10100.00,3026,162,272,112466
2025,5,10150.00,3047,164,274,113066
2025,5,10200.00,3068,167,276,113666
2025,5,10250.00,3089,169,278,114266
2025,5,10300.00,3110,171,279,114866
2025,5,10350.00,3131,172,281,115466
2025,5,10400.00,3152,173,283,116066
2025,5,10450.00,3173,174,285,116666
2025,5,10500.00,3194,175,287,117266
2025,5,10550.00,3215,176,289,117866
2025,5,10600.00,3236,178,291,118466
2025,5,10650.00,3257,179,293,119066
2025,5,10700.00,3278,180,295,119666
2025,5,10750.00,3299,181,296,120266
2025,5,10800.00,3320,182,298,120866
2025,5,10850.00,3341,183,300,121466
2025,5,10900.00,3362,184,302,122066
2025,5,10950.00,3383,186,304,122666
2025,5,11000.00,3404,187,306,123266
2025,5,11050.00,3425,188,308,123866
2025,5,11100.00,3446,189,310,124466
2025,5,11150.00,3467,190,312,125066
2025,5,11200.00,3488,191,313,125666
2025,5,11250.00,3509,193,315,126266
2025,5,11300.00,3530,194,317,126866
2025,5,11350.00,3551,195,319,127466
2025,5,11400.00,3572,196,321,128066
2025,5,11450.00,3593,197,323,128666
2025,5,11500.00,3614,198,325,129266
2025,5,11550.00,3635,199,327,129866
2025,5,11600.00,3656,201,329,130466
2025,5,11650.00,3677,202,330,131066
2025,5,11700.00,3698,203,332,131666
2025,5,11750.00,3719,204,334,132266
2025,5,11800.00,3740,205,336,132866
2025,5,11850.00,3761,206,338,133466
2025,5,11900.00,3782,208,340,134066
2025,5,11950.00,3803,209,342,134666
2025,5,12000.00,3824,210,344,135266
2025,5,12050.00,3845,211,346,135866
2025,5,12100.00,3866,212,347,136466
2025,5,12150.00,3887,213,349,137066
2025,5,12200.00,3908,214,351,137666
2025,5,12250.00,3929,216,353,138266
2025,5,12300.00,3950,217,355,138866
2025,5,12350.00,3971,218,357,139466
2025,5,12400.00,3992,219,359,140066
2025,5,12450.00,4013,220,361,140666
2025,5,12500.00,4034,221,363,141266
2025,5,12550.00,4055,223,364,141866
2025,5,12600.00,4076,224,366,142466
2025,5,12650.00,4097,225,368,143066
2025,5,12700.00,4118,226,370,143666
2025,5,12750.00,4139,227,372,144266
2025,5,12800.00,4160,228,374,144866
2025,5,12850.00,4181,230,376,145466
2025,5,12900.00,4202,231,378,146066
2025,5,12950.00,4223,232,380,146666
2025,5,13000.00,4244,233,381,147266
2025,5,13050.00,4265,234,383,147866
2025,5,13100.00,4286,235,385,148466
2025,5,13150.00,4307,236,387,149066
2025,5,13200.00,4328,238,389,149666
2025,5,13250.00,4349,239,391,150266
2025,5,13300.00,4370,240,393,150866
2025,5,13350.00,4391,241,395,151466
2025,5,13400.00,4412,242,397,152066
2025,5,13450.00,4433,243,398,152666
2025,5,13500.00,4454,245,400,153266
2025,5,13550.00,4475,246,402,153866
2025,5,13600.00,4496,247,404,154466
2025,5,13650.00,4517,248,406,155066
2025,5,13700.00,4538,249,408,155666
2025,5,13750.00,4559,250,410,156266
2025,5,13800.00,4580,251,412,156866
2025,5,13850.00,4601,253,414,157466
2025,5,13900.00,4622,254,415,158066
2025,5,13950.00,4643,255,417,158666
2025,5,14000.00,4664,256,419,159266
2025,5,14050.00,4685,257,421,159866
2025,5,14100.00,4706,258,423,160466
2025,5,14150.00,4727,260,425,161066
2025,5,14200.00,4748,261,427,161666
2025,5,14250.00,4769,262,429,162266
2025,5,14300.00,4790,263,431,162866
2025,5,14350.00,4811,264,432,163466
2025,5,14400.00,4832,265,434,164066
2025,5,14450.00,4853,266,436,164666
2025,5,14500.00,4874,268,438,165266
2025,5,14550.00,4895,269,440,165866
2025,5,14600.00,4916,270,442,166466
2025,5,14650.00,4937,271,444,167066
2025,5,14700.00,4958,272,446,167666
2025,5,14750.00,4979,273,448,168266
2025,5,14800.00,5000,275,450,168866
2025,5,14850.00,5021,276,451,169466
2025,5,14900.00,5042,277,453,170066
2025,5,14950.00,5063,278,455,170666
2025,5,15000.00,5084,279,457,171266
2025,5,15050.00,5105,280,459,171866
2025,5,15100.00,5126,281,461,172466
2025,5,15150.00,5147,283,463,173066
2025,5,15200.00,5168,284,465,173666
2025,5,15250.00,5189,285,467,174266
2025,5,15300.00,5210,286,468,174866
2025,5,15350.00,5231,287,470,175466
2025,5,15400.00,5252,288,472,176066
2025,5,15450.00,5273,290,474,176666
2025,5,15500.00,5294,291,476,177266
2025,5,15550.00,5315,292,478,177866
2025,5,15600.00,5336,293,480,178466
2025,5,15650.00,5357,294,482,179066
2025,5,15700.00,5378,295,484,179666
2025,5,15750.00,5399,296,485,180266
2025,5,15800.00,5420,298,487,180866
2025,5,15850.00,5441,299,489,181466
2025,5,15900.00,5462,300,491,182066
2025,5,15950.00,5483,301,493,182666
2025,5,16000.00,5504,302,495,183266
2025,5,16050.00,5525,303,497,183866
2025,5,16100.00,5546,305,499,184466
2025,5,16150.00,5567,306,501,185066
2025,5,16200.00,5588,307,502,185666
2025,5,16250.00,5609,308,504,186266
2025,5,16300.00,5630,309,506,186866
2025,5,16350.00,5651,310,508,187466
2025,5,16400.00,5672,312,510,188066
2025,5,16450.00,5693,313,512,188666
2025,5,16500.00,5714,314,514,189266
2025,5,16550.00,5735,315,516,189866
2025,5,16600.00,5756,316,518,190466
2025,5,16650.00,5777,317,519,191066
2025,5,16700.00,5798,318,521,191666
2025,5,16750.00,5819,320,523,192266
2025,5,16800.00,5840,321,525,192866
2025,5,16850.00,5861,322,527,193466
2025,5,16900.00,5882,323,529,194066
2025,5,16950.00,5903,324,531,194666
2025,5,17000.00,5924,325,533,195266
2025,5,17050.00,5945,327,535,195866
2025,5,17100.00,5966,328,536,196466
2025,5,17150.00,5987,329,538,197066
2025,5,17200.00,6008,330,540,197666
2025,5,17250.00,6029,331,542,198266
2025,5,17300.00,6050,332,544,198866
2025,5,17350.00,6071,333,546,199466
2025,5,17400.00,6092,335,548,200066
2025,5,17450.00,6113,336,550,200666
2025,5,17500.00,6134,337,552,201266
2025,5,17550.00,6155,338,553,201866
2025,5,17600.00,6176,339,555,202466
2025,5,17650.00,6197,340,557,203066
2025,5,17700.00,6218,342,559,203666
2025,5,17750.00,6239,343,561,204266
2025,5,17800.00,6260,344,563,204866
2025,5,17850.00,6281,345,565,205466
2025,5,17900.00,6302,346,567,206066
2025,5,17950.00,6323,347,569,206666
2025,5,18000.00,6344,348,570,207266
2025,5,18050.00,6365,350,572,207866
2025,5,18100.00,6386,351,574,208466
2025,5,18150.00,6407,352,576,209066
2025,5,18200.00,6428,353,578,209666
2025,5,18250.00,6449,354,580,210266
2025,5,18300.00,6470,355,582,210866
2025,5,18350.00,6491,357,584,211466
2025,5,18400.00,6512,358,586,212066
2025,5,18450.00,6533,359,587,212666
2025,5,18500.00,6554,360,589,213266
2025,5,18550.00,6575,361,591,213866
2025,5,18600.00,6596,362,593,214466
2025,5,18650.00,6617,363,595,215066
2025,5,18700.00,6638,365,597,215666
2025,5,18750.00,6659,366,599,216266
2025,5,18800.00,6680,367,601,216866
2025,5,18850.00,6701,368,603,217466
2025,5,18900.00,6722,369,604,218066
2025,5,18950.00,6743,370,606,218666
2025,5,19000.00,6764,372,608,219266
2025,5,19050.00,6785,373,610,219866
2025,5,19100.00,6806,374,612,220466
2025,5,19150.00,6827,375,614,221066
2025,5,19200.00,6848,376,616,221666
2025,5,19250.00,6869,377,618,222266
2025,5,19300.00,6890,379,620,222866
2025,5,19350.00,6911,380,621,223466
2025,5,19400.00,6932,381,623,224066
2025,5,19450.00,6953,382,625,224666
2025,5,19500.00,6974,383,627,225266
2025,5,19550.00,6995,384,629,225866
2025,5,19600.00,7016,385,631,226466
2025,5,19650.00,7037,387,633,227066
2025,5,19700.00,7058,388,635,227666
2025,5,19750.00,7079,389,637,228266
2025,5,19800.00,7100,390,639,228866
2025,5,19850.00,7121,391,640,229466
2025,5,19900.00,7142,392,642,230066
2025,5,19950.00,7163,394,644,230666
2025,5,20000.00,7184,395,646,231266
2025,6,0.00,0,0,0,0
2025,6,50.00,0,0,0,546
2025,6,100.00,0,0,0,1091
2025,6,150.00,0,0,0,1636
2025,6,200.00,0,0,0,2181
2025,6,250.00,0,0,0,2726
2025,6,300.00,0,0,0,3271
2025,6,350.00,0,0,0,3816
2025,6,400.00,0,0,0,4361
2025,6,450.00,0,0,0,4906
2025,6,500.00,0,0,0,5451
2025,6,550.00,0,0,0,5997
2025,6,600.00,0,0,0,6542
2025,6,650.00,0,0,0,7087
2025,6,700.00,0,0,0,7632
2025,6,750.00,0,0,0,8177
2025,6,800.00,0,0,0,8722
2025,6,850.00,0,0,0,9267
2025,6,900.00,0,0,0,9812
2025,6,950.00,0,0,0,10357
2025,6,1000.00,0,0,0,10902
2025,6,1050.00,0,0,0,11448
2025,6,1100.00,0,0,0,11993
2025,6,1150.00,5,0,0,12538
2025,6,1200.00,12,0,1,13083
2025,6,1250.00,19,0,1,13628
2025,6,1300.00,27,0,2,14173
2025,6,1350.00,35,0,3,14718
2025,6,1400.00,44,0,3,15263
2025,6,1450.00,54,0,4,15808
2025,6,1500.00,63,0,5,16353
2025,6,1550.00,73,0,6,16899
2025,6,1600.00,84,0,7,17444
2025,6,1650.00,95,0,8,17989
2025,6,1700.00,106,0,9,18534
2025,6,1750.00,117,0,10,19079
2025,6,1800.00,128,0,11,19624
2025,6,1850.00,140,0,12,20169
2025,6,1900.00,151,0,13,20714
2025,6,1950.00,162,0,14,21259
2025,6,2000.00,174,0,15,21804
2025,6,2050.00,186,0,16,22350
2025,6,2100.00,197,0,17,22895
2025,6,2150.00,209,0,18,23440
2025,6,2200.00,221,0,19,23985
2025,6,2250.00,233,0,20,24530
2025,6,2300.00,245,0,22,25075
2025,6,2350.00,257,0,23,25620
2025,6,2400.00,270,0,24,26165
2025,6,2450.00,282,0,25,26710
2025,6,2500.00,294,0,26,27255
2025,6,2550.00,307,0,27,27801
2025,6,2600.00,319,0,28,28346
2025,6,2650.00,332,0,29,28891
2025,6,2700.00,345,0,31,29436
2025,6,2750.00,358,0,32,29981
2025,6,2800.00,371,0,33,30526
2025,6,2850.00,384,0,34,31071
2025,6,2900.00,397,0,35,31616
2025,6,2950.00,410,0,36,32161
2025,6,3000.00,423,0,38,32706
2025,6,3050.00,437,0,39,33252
2025,6,3100.00,450,0,40,33797
2025,6,3150.00,464,0,41,34342
2025,6,3200.00,477,0,42,34887
2025,6,3250.00,491,0,44,35432
2025,6,3300.00,505,0,45,35977
2025,6,3350.00,519,0,46,36522
2025,6,3400.00,533,0,47,37067
2025,6,3450.00,547,0,49,37612
2025,6,3500.00,561,0,50,38157
2025,6,3550.00,575,0,51,38703
2025,6,3600.00,590,0,53,39248
2025,6,3650.00,604,0,54,39793
2025,6,3700.00,619,0,55,40338
2025,6,3750.00,633,0,56,40883
2025,6,3800.00,648,0,58,41428
2025,6,3850.00,663,0,59,41973
2025,6,3900.00,678,0,61,42518
2025,6,3950.00,692,0,62,43063
2025,6,4000.00,708,0,63,43608
2025,6,4050.00,723,0,65,44154
2025,6,4100.00,738,0,66,44699
2025,6,4150.00,753,0,67,45244
2025,6,4200.00,769,0,69,45789
2025,6,4250.00,784,0,70,46334
2025,6,4300.00,800,0,72,46879
2025,6,4350.00,815,0,73,47424
2025,6,4400.00,831,0,74,47969
2025,6,4450.00,847,0,76,48514
2025,6,4500.00,863,0,77,49059
2025,6,4550.00,879,0,79,49605
2025,6,4600.00,895,0,80,50150
2025,6,4650.00,911,0,81,50695
2025,6,4700.00,927,0,83,51240
2025,6,4750.00,944,0,84,51785
2025,6,4800.00,960,0,86,52330
2025,6,4850.00,977,0,87,52875
2025,6,4900.00,993,0,89,53420
2025,6,4950.00,1010,0,90,53965
2025,6,5000.00,1027,0,92,54510
2025,6,5050.00,1044,0,93,55056
2025,6,5100.00,1061,0,95,55601
2025,6,5150.00,1078,0,97,56146
2025,6,5200.00,1095,0,98,56691
2025,6,5250.00,1112,0,100,57236
2025,6,5300.00,1129,0,101,57781
2025,6,5350.00,1147,0,103,58326
2025,6,5400.00,1164,0,104,58871
2025,6,5450.00,1182,0,106,59416
2025,6,5500.00,1199,0,107,59961
2025,6,5550.00,1218,0,109,60527
2025,6,5600.00,1237,0,111,61099
2025,6,5650.00,1255,0,112,61671
2025,6,5700.00,1274,0,114,62243
2025,6,5750.00,1293,0,116,62815
2025,6,5800.00,1313,0,118,63387
2025,6,5850.00,1332,0,119,63959
2025,6,5900.00,1351,0,121,64532
2025,6,5950.00,1370,0,123,65104
2025,6,6000.00,1390,0,125,65676
2025,6,6050.00,1410,0,126,66248
2025,6,6100.00,1429,0,128,66820
2025,6,6150.00,1449,0,130,67392
2025,6,6200.00,1469,0,132,67964
2025,6,6250.00,1489,0,134,68536
2025,6,6300.00,1509,0,135,69108
2025,6,6350.00,1529,0,137,69680
2025,6,6400.00,1549,0,139,70253
2025,6,6450.00,1569,0,141,70825
2025,6,6500.00,1589,0,143,71397
2025,6,6550.00,1609,0,144,71969
2025,6,6600.00,1629,0,146,72541
2025,6,6650.00,1649,0,148,73113
2025,6,6700.00,1669,0,150,73685
2025,6,6750.00,1689,3,152,74257
2025,6,6800.00,1709,5,153,74829
2025,6,6850.00,1729,7,155,75401
2025,6,6900.00,1749,10,157,75974
2025,6,6950.00,1769,12,159,76546
2025,6,7000.00,1789,15,161,77118
2025,6,7050.00,1809,17,162,77690
2025,6,7100.00,1829,19,164,78262
2025,6,7150.00,1849,22,166,78834
2025,6,7200.00,1869,24,168,79406
2025,6,7250.00,1889,27,170,79978
2025,6,7300.00,1909,29,171,80550
2025,6,7350.00,1929,31,173,81122
2025,6,7400.00,1949,34,175,81695
2025,6,7450.00,1970,36,177,82267
2025,6,7500.00,1990,38,179,82839
2025,6,7550.00,2010,41,180,83411
2025,6,7600.00,2030,43,182,83983
2025,6,7650.00,2050,46,184,84555
2025,6,7700.00,2070,48,186,85127
2025,6,7750.00,2090,50,188,85699
2025,6,7800.00,2110,53,189,86271
2025,6,7850.00,2130,55,191,86843
2025,6,7900.00,2150,58,193,87416
2025,6,7950.00,2170,60,195,87988
2025,6,8000.00,2190,62,197,88560
2025,6,8050.00,2210,65,198,89132
2025,6,8100.00,2231,67,200,89732
2025,6,8150.00,2252,70,202,90332
2025,6,8200.00,2273,72,204,90932
2025,6,8250.00,2294,75,206,91532
2025,6,8300.00,2315,77,208,92132
2025,6,8350.00,2336,80,210,92732
2025,6,8400.00,2357,82,212,93332
2025,6,8450.00,2378,85,214,93932
2025,6,8500.00,2399,87,215,94532
2025,6,8550.00,2420,90,217,95132
2025,6,8600.00,2441,92,219,95732
2025,6,8650.00,2462,95,221,96332
2025,6,8700.00,2483,97,223,96932
2025,6,8750.00,2504,100,225,97532
2025,6,8800.00,2525,102,227,98132
2025,6,8850.00,2546,105,229,98732
2025,6,8900.00,2567,107,231,99332
2025,6,8950.00,2588,110,232,99932
2025,6,9000.00,2609,112,234,100532
2025,6,9050.00,2630,115,236,101132
2025,6,9100.00,2651,117,238,101732
2025,6,9150.00,2672,120,240,102332
2025,6,9200.00,2693,122,242,102932
2025,6,9250.00,2714,125,244,103532
2025,6,9300.00,2735,127,246,104132
2025,6,9350.00,2756,130,248,104732
2025,6,9400.00,2777,132,249,105332
2025,6,9450.00,2798,135,251,105932
2025,6,9500.00,2819,137,253,106532
2025,6,9550.00,2840,140,255,107132
2025,6,9600.00,2861,142,257,107732
2025,6,9650.00,2882,145,259,108332
2025,6,9700.00,2903,147,261,108932
2025,6,9750.00,2924,150,263,109532
2025,6,9800.00,2945,152,265,110132
2025,6,9850.00,2966,155,266,110732
2025,6,9900.00,2987,157,268,111332
2025,6,9950.00,3008,160,270,111932
2025,6,10000.00,3029,162,272,112532
2025,6,10050.00,3050,165,274,113132
2025,6,10100.00,3071,167,276,113732
2025,6,10150.00,3092,170,278,114332
2025,6,10200.00,3113,171,280,114932
2025,6,10250.00,3134,172,282,115532
2025,6,10300.00,3155,173,283,116132
2025,6,10350.00,3176,174,285,116732
2025,6,10400.00,3197,175,287,117332
2025,6,10450.00,3218,177,289,117932
2025,6,10500.00,3239,178,291,118532
2025,6,10550.00,3260,179,293,119132
2025,6,10600.00,3281,180,295,119732
2025,6,10650.00,3302,181,297,120332
2025,6,10700.00,3323,182,299,120932
2025,6,10750.00,3344,183,300,121532
2025,6,10800.00,3365,185,302,122132
2025,6,10850.00,3386,186,304,122732
2025,6,10900.00,3407,187,306,123332
2025,6,10950.00,3428,188,308,123932
2025,6,11000.00,3449,189,310,124532
2025,6,11050.00,3470,190,312,125132
2025,6,11100.00,3491,192,314,125732
2025,6,11150.00,3512,193,316,126332
2025,6,11200.00,3533,194,317,126932
2025,6,11250.00,3554,195,319,127532
2025,6,11300.00,3575,196,321,128132
2025,6,11350.00,3596,197,323,128732
2025,6,11400.00,3617,198,325,129332
2025,6,11450.00,3638,200,327,129932
2025,6,11500.00,3659,201,329,130532
2025,6,11550.00,3680,202,331,131132
2025,6,11600.00,3701,203,333,131732
2025,6,11650.00,3722,204,334,132332
2025,6,11700.00,3743,205,336,132932
2025,6,11750.00,3764,207,338,133532
2025,6,11800.00,3785,208,340,134132
2025,6,11850.00,3806,209,342,134732
2025,6,11900.00,3827,210,344,135332
2025,6,11950.00,3848,211,346,135932
2025,6,12000.00,3869,212,348,136532
2025,6,12050.00,3890,213,350,137132
2025,6,12100.00,3911,215,351,137732
2025,6,12150.00,3932,216,353,138332
2025,6,12200.00,3953,217,355,138932
2025,6,12250.00,3974,218,357,139532
2025,6,12300.00,3995,219,359,140132
2025,6,12350.00,4016,220,361,140732
2025,6,12400.00,4037,222,363,141332
2025,6,12450.00,4058,223,365,141932
2025,6,12500.00,4079,224,367,142532
2025,6,12550.00,4100,225,369,143132
2025,6,12600.00,4121,226,370,143732
2025,6,12650.00,4142,227,372,144332
2025,6,12700.00,4163,228,374,144932
2025,6,12750.00,4184,230,376,145532
2025,6,12800.00,4205,231,378,146132
2025,6,12850.00,4226,232,380,146732
2025,6,12900.00,4247,233,382,147332
2025,6,12950.00,4268,234,384,147932
2025,6,13000.00,4289,235,386,148532
2025,6,13050.00,4310,237,387,149132
2025,6,13100.00,4331,238,389,149732
2025,6,13150.00,4352,239,391,150332
2025,6,13200.00,4373,240,393,150932
2025,6,13250.00,4394,241,395,151532
2025,6,13300.00,4415,242,397,152132
2025,6,13350.00,4436,243,399,152732
2025,6,13400.00,4457,245,401,153332
2025,6,13450.00,4478,246,403,153932
2025,6,13500.00,4499,247,404,154532
2025,6,13550.00,4520,248,406,155132
2025,6,13600.00,4541,249,408,155732
2025,6,13650.00,4562,250,410,156332
2025,6,13700.00,4583,252,412,156932
2025,6,13750.00,4604,253,414,157532
2025,6,13800.00,4625,254,416,158132
2025,6,13850.00,4646,255,418,158732
2025,6,13900.00,4667,256,420,159332
2025,6,13950.00,4688,257,421,159932
2025,6,14000.00,4709,259,423,160532
2025,6,14050.00,4730,260,425,161132
2025,6,14100.00,4751,261,427,161732
2025,6,14150.00,4772,262,429,162332
2025,6,14200.00,4793,263,431,162932
2025,6,14250.00,4814,264,433,163532
2025,6,14300.00,4835,265,435,164132
2025,6,14350.00,4856,267,437,164732
2025,6,14400.00,4877,268,438,165332
2025,6,14450.00,4898,269,440,165932
2025,6,14500.00,4919,270,442,166532
2025,6,14550.00,4940,271,444,167132
2025,6,14600.00,4961,272,446,167732
2025,6,14650.00,4982,274,448,168332
2025,6,14700.00,5003,275,450,168932
2025,6,14750.00,5024,276,452,169532
2025,6,14800.00,5045,277,454,170132
2025,6,14850.00,5066,278,455,170732
2025,6,14900.00,5087,279,457,171332
2025,6,14950.00,5108,280,459,171932
2025,6,15000.00,5129,282,461,172532
2025,6,15050.00,5150,283,463,173132
2025,6,15100.00,5171,284,465,173732
2025,6,15150.00,5192,285,467,174332
2025,6,15200.00,5213,286,469,174932
2025,6,15250.00,5234,287,471,175532
2025,6,15300.00,5255,289,472,176132
2025,6,15350.00,5276,290,474,176732
2025,6,15400.00,5297,291,476,177332
2025,6,15450.00,5318,292,478,177932
2025,6,15500.00,5339,293,480,178532
2025,6,15550.00,5360,294,482,179132
2025,6,15600.00,5381,295,484,179732
2025,6,15650.00,5402,297,486,180332
2025,6,15700.00,5423,298,488,180932
2025,6,15750.00,5444,299,489,181532
2025,6,15800.00,5465,300,491,182132
2025,6,15850.00,5486,301,493,182732
2025,6,15900.00,5507,302,495,183332
2025,6,15950.00,5528,304,497,183932
2025,6,16000.00,5549,305,499,184532
2025,6,16050.00,5570,306,501,185132
2025,6,16100.00,5591,307,503,185732
2025,6,16150.00,5612,308,505,186332
2025,6,16200.00,5633,309,506,186932
2025,6,16250.00,5654,310,508,187532
2025,6,16300.00,5675,312,510,188132
2025,6,16350.00,5696,313,512,188732
2025,6,16400.00,5717,314,514,189332
2025,6,16450.00,5738,315,516,189932
2025,6,16500.00,5759,316,518,190532
2025,6,16550.00,5780,317,520,191132
2025,6,16600.00,5801,319,522,191732
2025,6,16650.00,5822,320,523,192332
2025,6,16700.00,5843,321,525,192932
2025,6,16750.00,5864,322,527,193532
2025,6,16800.00,5885,323,529,194132
2025,6,16850.00,5906,324,531,194732
2025,6,16900.00,5927,325,533,195332
2025,6,16950.00,5948,327,535,195932
2025,6,17000.00,5969,328,537,196532
2025,6,17050.00,5990,329,539,197132
2025,6,17100.00,6011,330,540,197732
2025,6,17150.00,6032,331,542,198332
2025,6,17200.00,6053,332,544,198932
2025,6,17250.00,6074,334,546,199532
2025,6,17300.00,6095,335,548,200132
2025,6,17350.00,6116,336,550,200732
2025,6,17400.00,6137,337,552,201332
2025,6,17450.00,6158,338,554,201932
2025,6,17500.00,6179,339,556,202532
2025,6,17550.00,6200,341,558,203132
2025,6,17600.00,6221,342,559,203732
2025,6,17650.00,6242,343,561,204332
2025,6,17700.00,6263,344,563,204932
2025,6,17750.00,6284,345,565,205532
2025,6,17800.00,6305,346,567,206132
2025,6,17850.00,6326,347,569,206732
2025,6,17900.00,6347,349,571,207332
2025,6,17950.00,6368,350,573,207932
2025,6,18000.00,6389,351,575,208532
2025,6,18050.00,6410,352,576,209132
2025,6,18100.00,6431,353,578,209732
2025,6,18150.00,6452,354,580,210332
2025,6,18200.00,6473,356,582,210932
2025,6,18250.00,6494,357,584,211532
2025,6,18300.00,6515,358,586,212132
2025,6,18350.00,6536,359,588,212732
2025,6,18400.00,6557,360,590,213332
2025,6,18450.00,6578,361,592,213932
2025,6,18500.00,6599,362,593,214532
2025,6,18550.00,6620,364,595,215132
2025,6,18600.00,6641,365,597,215732
2025,6,18650.00,6662,366,599,216332
2025,6,18700.00,6683,367,601,216932
2025,6,18750.00,6704,368,603,217532
2025,6,18800.00,6725,369,605,218132
2025,6,18850.00,6746,371,607,218732
2025,6,18900.00,6767,372,609,219332
2025,6,18950.00,6788,373,610,219932
2025,6,19000.00,6809,374,612,220532
2025,6,19050.00,6830,375,614,221132
2025,6,19100.00,6851,376,616,221732
2025,6,19150.00,6872,377,618,222332
2025,6,19200.00,6893,379,620,222932
2025,6,19250.00,6914,380,622,223532
2025,6,19300.00,6935,381,624,224132
2025,6,19350.00,6956,382,626,224732
2025,6,19400.00,6977,383,627,225332
2025,6,19450.00,6998,384,629,225932
2025,6,19500.00,7019,386,631,226532
2025,6,19550.00,7040,387,633,227132
2025,6,19600.00,7061,388,635,227732
2025,6,19650.00,7082,389,637,228332
2025,6,19700.00,7103,390,639,228932
2025,6,19750.00,7124,391,641,229532
2025,6,19800.00,7145,392,643,230132
2025,6,19850.00,7166,394,644,230732
2025,6,19900.00,7187,395,646,231332
2025,6,19950.00,7208,396,648,231932
2025,6,20000.00,7229,397,650,232532
2026,1,0.00,0,0,0,0
2026,1,50.00,0,0,0,0
2026,1,100.00,0,0,0,0
2026,1,150.00,0,0,0,0
2026,1,200.00,0,0,0,0
2026,1,250.00,0,0,0,0
2026,1,300.00,0,0,0,0
2026,1,350.00,0,0,0,0
2026,1,400.00,0,0,0,0
2026,1,450.00,0,0,0,0
2026,1,500.00,0,0,0,0
2026,1,550.00,0,0,0,0
2026,1,600.00,0,0,0,0
2026,1,650.00,0,0,0,0
2026,1,700.00,0,0,0,0
2026,1,750.00,0,0,0,0
2026,1,800.00,0,0,0,0
2026,1,850.00,0,0,0,0
2026,1,900.00,0,0,0,0
2026,1,950.00,0,0,0,0
2026,1,1000.00,0,0,0,0
2026,1,1050.00,0,0,0,0
2026,1,1100.00,0,0,0,0
2026,1,1150.00,0,0,0,0
2026,1,1200.00,0,0,0,0
2026,1,1250.00,0,0,0,0
2026,1,1300.00,0,0,0,0
2026,1,1350.00,0,0,0,0
2026,1,1400.00,0,0,0,112
2026,1,1450.00,0,0,0,602
2026,1,1500.00,0,0,0,1092
2026,1,1550.00,0,0,0,1583
2026,1,1600.00,0,0,0,2073
2026,1,1650.00,0,0,0,2563
2026,1,1700.00,0,0,0,3053
2026,1,1750.00,0,0,0,3543
2026,1,1800.00,0,0,0,4034
2026,1,1850.00,0,0,0,4524
2026,1,1900.00,0,0,0,5014
2026,1,1950.00,0,0,0,5504
2026,1,2000.00,0,0,0,5994
2026,1,2050.00,0,0,0,6485
2026,1,2100.00,0,0,0,6975
2026,1,2150.00,0,0,0,7465
2026,1,2200.00,0,0,0,7955
2026,1,2250.00,0,0,0,8445
2026,1,2300.00,0,0,0,8936
2026,1,2350.00,0,0,0,9426
2026,1,2400.00,0,0,0,9916
2026,1,2450.00,0,0,0,10406
2026,1,2500.00,0,0,0,10896
2026,1,2550.00,0,0,0,11387
2026,1,2600.00,0,0,0,11877
2026,1,2650.00,0,0,0,12367
2026,1,2700.00,6,0,0,12857
2026,1,2750.00,12,0,1,13347
2026,1,2800.00,19,0,1,13838
2026,1,2850.00,26,0,2,14328
2026,1,2900.00,33,0,2,14818
2026,1,2950.00,41,0,3,15308
2026,1,3000.00,49,0,4,15798
2026,1,3050.00,57,0,5,16289
2026,1,3100.00,66,0,5,16779
2026,1,3150.00,75,0,6,17269
2026,1,3200.00,85,0,7,17759
2026,1,3250.00,95,0,8,18249
2026,1,3300.00,105,0,9,18740
2026,1,3350.00,115,0,10,19230
2026,1,3400.00,125,0,11,19720
2026,1,3450.00,135,0,12,20210
2026,1,3500.00,145,0,13,20700
2026,1,3550.00,155,0,13,21191
2026,1,3600.00,165,0,14,21681
2026,1,3650.00,176,0,15,22171
2026,1,3700.00,186,0,16,22661
2026,1,3750.00,197,0,17,23151
2026,1,3800.00,207,0,18,23642
2026,1,3850.00,218,0,19,24132
2026,1,3900.00,229,0,20,24622
2026,1,3950.00,240,0,21,25112
2026,1,4000.00,250,0,22,25602
2026,1,4050.00,261,0,23,26093
2026,1,4100.00,272,0,24,26583
2026,1,4150.00,283,0,25,27073
2026,1,4200.00,295,0,26,27563
2026,1,4250.00,306,0,27,28053
2026,1,4300.00,317,0,28,28544
2026,1,4350.00,328,0,29,29034
2026,1,4400.00,340,0,30,29524
2026,1,4450.00,351,0,31,30014
2026,1,4500.00,363,0,32,30504
2026,1,4550.00,374,0,33,30995
2026,1,4600.00,386,0,34,31485
2026,1,4650.00,398,0,35,31975
2026,1,4700.00,410,0,36,32465
2026,1,4750.00,422,0,37,32955
2026,1,4800.00,434,0,39,33446
2026,1,4850.00,446,0,40,33936
2026,1,4900.00,458,0,41,34426
2026,1,4950.00,470,0,42,34916
2026,1,5000.00,482,0,43,35406
2026,1,5050.00,494,0,44,35897
2026,1,5100.00,507,0,45,36387
2026,1,5150.00,519,0,46,36877
2026,1,5200.00,532,0,47,37367
2026,1,5250.00,544,0,48,37857
2026,1,5300.00,557,0,50,38348
2026,1,5350.00,570,0,51,38838
2026,1,5400.00,583,0,52,39328
2026,1,5450.00,596,0,53,39818
2026,1,5500.00,608,0,54,40308
2026,1,5550.00,621,0,55,40799
2026,1,5600.00,635,0,57,41289
2026,1,5650.00,648,0,58,41779
2026,1,5700.00,661,0,59,42269
2026,1,5750.00,674,0,60,42759
2026,1,5800.00,688,0,61,43250
2026,1,5850.00,702,0,63,43780
2026,1,5900.00,717,0,64,44325
2026,1,5950.00,732,0,65,44869
2026,1,6000.00,747,0,67,45413
2026,1,6050.00,763,0,68,45957
2026,1,6100.00,778,0,70,46501
2026,1,6150.00,793,0,71,47046
2026,1,6200.00,809,0,72,47590
2026,1,6250.00,824,0,74,48134
2026,1,6300.00,840,0,75,48678
2026,1,6350.00,856,0,77,49222
2026,1,6400.00,872,0,78,49767
2026,1,6450.00,888,0,79,50311
2026,1,6500.00,904,0,81,50855
2026,1,6550.00,920,0,82,51399
2026,1,6600.00,936,0,84,51943
2026,1,6650.00,952,0,85,52488
2026,1,6700.00,969,0,87,53032
2026,1,6750.00,985,0,88,53576
2026,1,6800.00,1002,0,90,54120
2026,1,6850.00,1018,0,91,54664
2026,1,6900.00,1035,0,93,55209
2026,1,6950.00,1052,0,94,55753
2026,1,7000.00,1069,0,96,56297
2026,1,7050.00,1085,0,97,56841
2026,1,7100.00,1103,0,99,57385
2026,1,7150.00,1120,0,100,57930
2026,1,7200.00,1137,0,102,58474
2026,1,7250.00,1154,0,103,59018
2026,1,7300.00,1172,0,105,59562
2026,1,7350.00,1189,0,107,60106
2026,1,7400.00,1207,0,108,60651
2026,1,7450.00,1224,0,110,61195
2026,1,7500.00,1242,0,111,61739
2026,1,7550.00,1260,0,113,62283
2026,1,7600.00,1278,0,115,62827
2026,1,7650.00,1296,0,116,63372
2026,1,7700.00,1314,0,118,63916
2026,1,7750.00,1332,0,119,64460
2026,1,7800.00,1350,0,121,65004
2026,1,7850.00,1368,0,123,65548
2026,1,7900.00,1387,0,124,66093
2026,1,7950.00,1405,0,126,66637
2026,1,8000.00,1424,0,128,67181
2026,1,8050.00,1443,0,129,67725
2026,1,8100.00,1461,0,131,68269
2026,1,8150.00,1480,0,133,68814
2026,1,8200.00,1499,0,134,69358
2026,1,8250.00,1518,0,136,69902
2026,1,8300.00,1537,0,138,70446
2026,1,8350.00,1556,0,140,70990
2026,1,8400.00,1575,0,141,71535
2026,1,8450.00,1594,0,143,72079
2026,1,8500.00,1615,0,145,72679
2026,1,8550.00,1636,0,147,73279
2026,1,8600.00,1657,0,149,73879
2026,1,8650.00,1678,0,151,74479
2026,1,8700.00,1699,0,152,75079
2026,1,8750.00,1720,2,154,75679
2026,1,8800.00,1741,5,156,76279
2026,1,8850.00,1762,7,158,76879
2026,1,8900.00,1783,10,160,77479
2026,1,8950.00,1804,12,162,78079
2026,1,9000.00,1825,15,164,78679
2026,1,9050.00,1846,17,166,79279
2026,1,9100.00,1867,20,168,79879
2026,1,9150.00,1888,22,169,80479
2026,1,9200.00,1909,25,171,81079
2026,1,9250.00,1930,27,173,81679
2026,1,9300.00,1951,30,175,82279
2026,1,9350.00,1972,32,177,82879
2026,1,9400.00,1993,35,179,83479
2026,1,9450.00,2014,37,181,84079
2026,1,9500.00,2035,40,183,84679
2026,1,9550.00,2056,42,185,85279
2026,1,9600.00,2077,45,186,85879
2026,1,9650.00,2098,47,188,86479
2026,1,9700.00,2119,50,190,87079
2026,1,9750.00,2140,52,192,87679
2026,1,9800.00,2161,55,194,88279
2026,1,9850.00,2182,57,196,88879
2026,1,9900.00,2203,60,198,89479
2026,1,9950.00,2224,62,200,90079
2026,1,10000.00,2245,65,202,90679
2026,1,10050.00,2266,67,203,91279
2026,1,10100.00,2287,70,205,91879
2026,1,10150.00,2308,72,207,92479
2026,1,10200.00,2329,75,209,93079
2026,1,10250.00,2350,77,211,93679
2026,1,10300.00,2371,80,213,94279
2026,1,10350.00,2392,82,215,94879
2026,1,10400.00,2413,85,217,95479
2026,1,10450.00,2434,87,219,96079
2026,1,10500.00,2455,90,220,96679
2026,1,10550.00,2476,92,222,97279
2026,1,10600.00,2497,95,224,97879
2026,1,10650.00,2518,97,226,98479
2026,1,10700.00,2539,100,228,99079
2026,1,10750.00,2560,102,230,99679
2026,1,10800.00,2581,105,232,100279
2026,1,10850.00,2602,107,234,100879
2026,1,10900.00,2623,110,236,101479
2026,1,10950.00,2644,112,237,102079
2026,1,11000.00,2665,115,239,102679
2026,1,11050.00,2686,117,241,103279
2026,1,11100.00,2707,120,243,103879
2026,1,11150.00,2728,122,245,104479
2026,1,11200.00,2749,125,247,105079
2026,1,11250.00,2770,127,249,105679
2026,1,11300.00,2791,130,251,106279
2026,1,11350.00,2812,132,253,106879
2026,1,11400.00,2833,135,254,107479
2026,1,11450.00,2854,137,256,108079
2026,1,11500.00,2875,140,258,108679
2026,1,11550.00,2896,142,260,109279
2026,1,11600.00,2917,145,262,109879
2026,1,11650.00,2938,147,264,110479
2026,1,11700.00,2959,150,266,111079
2026,1,11750.00,2980,152,268,111679
2026,1,11800.00,3001,155,270,112279
2026,1,11850.00,3022,157,271,112879
2026,1,11900.00,3043,160,273,113479
2026,1,11950.00,3064,162,275,114079
2026,1,12000.00,3085,165,277,114679
2026,1,12050.00,3106,167,279,115279
2026,1,12100.00,3127,170,281,115879
2026,1,12150.00,3148,172,283,116479
2026,1,12200.00,3169,174,285,117079
2026,1,12250.00,3190,175,287,117679
2026,1,12300.00,3211,176,288,118279
2026,1,12350.00,3232,177,290,118879
2026,1,12400.00,3253,178,292,119479
2026,1,12450.00,3274,180,294,120079
2026,1,12500.00,3295,181,296,120679
2026,1,12550.00,3316,182,298,121279
2026,1,12600.00,3337,183,300,121879
2026,1,12650.00,3358,184,302,122479
2026,1,12700.00,3379,185,304,123079
2026,1,12750.00,3400,187,306,123679
2026,1,12800.00,3421,188,307,124279
2026,1,12850.00,3442,189,309,124879
2026,1,12900.00,3463,190,311,125479
2026,1,12950.00,3484,191,313,126079
2026,1,13000.00,3505,192,315,126679
2026,1,13050.00,3526,193,317,127279
2026,1,13100.00,3547,195,319,127879
2026,1,13150.00,3568,196,321,128479
2026,1,13200.00,3589,197,323,129079
2026,1,13250.00,3610,198,324,129679
2026,1,13300.00,3631,199,326,130279
2026,1,13350.00,3652,200,328,130879
2026,1,13400.00,3673,202,330,131479
2026,1,13450.00,3694,203,332,132079
2026,1,13500.00,3715,204,334,132679
2026,1,13550.00,3736,205,336,133279
2026,1,13600.00,3757,206,338,133879
2026,1,13650.00,3778,207,340,134479
2026,1,13700.00,3799,208,341,135079
2026,1,13750.00,3820,210,343,135679
2026,1,13800.00,3841,211,345,136279
2026,1,13850.00,3862,212,347,136879
2026,1,13900.00,3883,213,349,137479
2026,1,13950.00,3904,214,351,138079
2026,1,14000.00,3925,215,353,138679
2026,1,14050.00,3946,217,355,139279
2026,1,14100.00,3967,218,357,139879
2026,1,14150.00,3988,219,358,140479
2026,1,14200.00,4009,220,360,141079
2026,1,14250.00,4030,221,362,141679
2026,1,14300.00,4051,222,364,142279
2026,1,14350.00,4072,224,366,142879
2026,1,14400.00,4093,225,368,143479
2026,1,14450.00,4114,226,370,144079
2026,1,14500.00,4135,227,372,144679
2026,1,14550.00,4156,228,374,145279
2026,1,14600.00,4177,229,375,145879
2026,1,14650.00,4198,230,377,146479
2026,1,14700.00,4219,232,379,147079
2026,1,14750.00,4240,233,381,147679
2026,1,14800.00,4261,234,383,148279
2026,1,14850.00,4282,235,385,148879
2026,1,14900.00,4303,236,387,149479
2026,1,14950.00,4324,237,389,150079
2026,1,15000.00,4345,239,391,150679
2026,1,15050.00,4366,240,392,151279
2026,1,15100.00,4387,241,394,151879
2026,1,15150.00,4408,242,396,152479
2026,1,15200.00,4429,243,398,153079
2026,1,15250.00,4450,244,400,153679
2026,1,15300.00,4471,245,402,154279
2026,1,15350.00,4492,247,404,154879
2026,1,15400.00,4513,248,406,155479
2026,1,15450.00,4534,249,408,156079
2026,1,15500.00,4555,250,409,156679
2026,1,15550.00,4576,251,411,157279
2026,1,15600.00,4597,252,413,157879
2026,1,15650.00,4618,254,415,158479
2026,1,15700.00,4639,255,417,159079
2026,1,15750.00,4660,256,419,159679
2026,1,15800.00,4681,257,421,160279
2026,1,15850.00,4702,258,423,160879
2026,1,15900.00,4723,259,425,161479
2026,1,15950.00,4744,260,426,162079
2026,1,16000.00,4765,262,428,162679
2026,1,16050.00,4786,263,430,163279
2026,1,16100.00,4807,264,432,163879
2026,1,16150.00,4828,265,434,164479
2026,1,16200.00,4849,266,436,165079
2026,1,16250.00,4870,267,438,165679
2026,1,16300.00,4891,269,440,166279
2026,1,16350.00,4912,270,442,166879
2026,1,16400.00,4933,271,443,167479
2026,1,16450.00,4954,272,445,168079
2026,1,16500.00,4975,273,447,168679
2026,1,16550.00,4996,274,449,169279
2026,1,16600.00,5017,275,451,169879
2026,1,16650.00,5038,277,453,170479
2026,1,16700.00,5059,278,455,171079
2026,1,16750.00,5080,279,457,171679
2026,1,16800.00,5101,280,459,172279
2026,1,16850.00,5122,281,460,172879
2026,1,16900.00,5143,282,462,173479
2026,1,16950.00,5164,284,464,174079
2026,1,17000.00,5185,285,466,174679
2026,1,17050.00,5206,286,468,175279
2026,1,17100.00,5227,287,470,175879
2026,1,17150.00,5248,288,472,176479
2026,1,17200.00,5269,289,474,177079
2026,1,17250.00,5290,290,476,177679
2026,1,17300.00,5311,292,477,178279
2026,1,17350.00,5332,293,479,178879
2026,1,17400.00,5353,294,481,179479
2026,1,17450.00,5374,295,483,180079
2026,1,17500.00,5395,296,485,180679
2026,1,17550.00,5416,297,487,181279
2026,1,17600.00,5437,299,489,181879
2026,1,17650.00,5458,300,491,182479
2026,1,17700.00,5479,301,493,183079
2026,1,17750.00,5500,302,495,183679
2026,1,17800.00,5521,303,496,184279
2026,1,17850.00,5542,304,498,184879
2026,1,17900.00,5563,306,500,185479
2026,1,17950.00,5584,307,502,186079
2026,1,18000.00,5605,308,504,186679
2026,1,18050.00,5626,309,506,187279
2026,1,18100.00,5647,310,508,187879
2026,1,18150.00,5668,311,510,188479
2026,1,18200.00,5689,312,512,189079
2026,1,18250.00,5710,314,513,189679
2026,1,18300.00,5731,315,515,190279
2026,1,18350.00,5752,316,517,190879
2026,1,18400.00,5773,317,519,191479
2026,1,18450.00,5794,318,521,192079
2026,1,18500.00,5815,319,523,192679
2026,1,18550.00,5836,321,525,193279
2026,1,18600.00,5857,322,527,193879
2026,1,18650.00,5878,323,529,194479
2026,1,18700.00,5899,324,530,195079
2026,1,18750.00,5920,325,532,195679
2026,1,18800.00,5941,326,534,196279
2026,1,18850.00,5962,327,536,196879
2026,1,18900.00,5983,329,538,197479
2026,1,18950.00,6004,330,540,198079
2026,1,19000.00,6025,331,542,198679
2026,1,19050.00,6046,332,544,199279
2026,1,19100.00,6067,333,546,199879
2026,1,19150.00,6088,334,547,200479
2026,1,19200.00,6109,336,549,201079
2026,1,19250.00,6130,337,551,201679
2026,1,19300.00,6151,338,553,202279
2026,1,19350.00,6172,339,555,202879
2026,1,19400.00,6193,340,557,203479
2026,1,19450.00,6214,341,559,204079
2026,1,19500.00,6235,342,561,204679
2026,1,19550.00,6256,344,563,205279
2026,1,19600.00,6277,345,564,205879
2026,1,19650.00,6298,346,566,206479
2026,1,19700.00,6319,347,568,207079
2026,1,19750.00,6340,348,570,207679
2026,1,19800.00,6361,349,572,208279
2026,1,19850.00,6382,351,574,208879
2026,1,19900.00,6403,352,576,209479
2026,1,19950.00,6424,353,578,210079
2026,1,20000.00,6445,354,580,210679
2026,2,0.00,0,0,0,0
2026,2,50.00,0,0,0,0
2026,2,100.00,0,0,0,0
2026,2,150.00,0,0,0,0
2026,2,200.00,0,0,0,0
2026,2,250.00,0,0,0,0
2026,2,300.00,0,0,0,0
2026,2,350.00,0,0,0,0
2026,2,400.00,0,0,0,0
2026,2,450.00,0,0,0,0
2026,2,500.00,0,0,0,0
2026,2,550.00,0,0,0,0
2026,2,600.00,0,0,0,0
2026,2,650.00,0,0,0,0
2026,2,700.00,0,0,0,0
2026,2,750.00,0,0,0,0
2026,2,800.00,0,0,0,0
2026,2,850.00,0,0,0,0
2026,2,900.00,0,0,0,0
2026,2,950.00,0,0,0,0
2026,2,1000.00,0,0,0,0
2026,2,1050.00,0,0,0,0
2026,2,1100.00,0,0,0,0
2026,2,1150.00,0,0,0,0
2026,2,1200.00,0,0,0,0
2026,2,1250.00,0,0,0,0
2026,2,1300.00,0,0,0,0
2026,2,1350.00,0,0,0,0
2026,2,1400.00,0,0,0,0
2026,2,1450.00,0,0,0,0
2026,2,1500.00,0,0,0,0
2026,2,1550.00,0,0,0,0
2026,2,1600.00,0,0,0,0
2026,2,1650.00,0,0,0,0
2026,2,1700.00,0,0,0,0
2026,2,1750.00,0,0,0,0
2026,2,1800.00,0,0,0,0
2026,2,1850.00,0,0,0,264
2026,2,1900.00,0,0,0,754
2026,2,1950.00,0,0,0,1244
2026,2,2000.00,0,0,0,1734
2026,2,2050.00,0,0,0,2225
2026,2,2100.00,0,0,0,2715
2026,2,2150.00,0,0,0,3205
2026,2,2200.00,0,0,0,3695
2026,2,2250.00,0,0,0,4185
2026,2,2300.00,0,0,0,4676
2026,2,2350.00,0,0,0,5166
2026,2,2400.00,0,0,0,5656
2026,2,2450.00,0,0,0,6146
2026,2,2500.00,0,0,0,6636
2026,2,2550.00,0,0,0,7127
2026,2,2600.00,0,0,0,7617
2026,2,2650.00,0,0,0,8107
2026,2,2700.00,0,0,0,8597
2026,2,2750.00,0,0,0,9087
2026,2,2800.00,0,0,0,9578
2026,2,2850.00,0,0,0,10068
2026,2,2900.00,0,0,0,10558
2026,2,2950.00,0,0,0,11048
2026,2,3000.00,0,0,0,11538
2026,2,3050.00,0,0,0,12029
2026,2,3100.00,2,0,0,12519
2026,2,3150.00,8,0,0,13009
2026,2,3200.00,14,0,1,13499
2026,2,3250.00,21,0,1,13989
2026,2,3300.00,28,0,2,14480
2026,2,3350.00,35,0,3,14970
2026,2,3400.00,43,0,3,15460
2026,2,3450.00,51,0,4,15950
2026,2,3500.00,60,0,5,16440
2026,2,3550.00,69,0,6,16931
2026,2,3600.00,78,0,7,17421
2026,2,3650.00,88,0,7,17911
2026,2,3700.00,98,0,8,18401
2026,2,3750.00,108,0,9,18891
2026,2,3800.00,118,0,10,19382
2026,2,3850.00,128,0,11,19872
2026,2,3900.00,138,0,12,20362
2026,2,3950.00,148,0,13,20852
2026,2,4000.00,158,0,14,21342
2026,2,4050.00,169,0,15,21833
2026,2,4100.00,179,0,16,22323
2026,2,4150.00,190,0,17,22813
2026,2,4200.00,200,0,18,23303
2026,2,4250.00,211,0,18,23793
2026,2,4300.00,221,0,19,24284
2026,2,4350.00,232,0,20,24774
2026,2,4400.00,243,0,21,25264
2026,2,4450.00,254,0,22,25754
2026,2,4500.00,265,0,23,26244
2026,2,4550.00,276,0,24,26735
2026,2,4600.00,287,0,25,27225
2026,2,4650.00,298,0,26,27715
2026,2,4700.00,309,0,27,28205
2026,2,4750.00,321,0,28,28695
2026,2,4800.00,332,0,29,29186
2026,2,4850.00,343,0,30,29676
2026,2,4900.00,355,0,31,30166
2026,2,4950.00,366,0,32,30656
2026,2,5000.00,378,0,34,31146
2026,2,5050.00,390,0,35,31637
2026,2,5100.00,402,0,36,32127
2026,2,5150.00,413,0,37,32617
2026,2,5200.00,425,0,38,33107
2026,2,5250.00,437,0,39,33597
2026,2,5300.00,449,0,40,34088
2026,2,5350.00,462,0,41,34578
2026,2,5400.00,474,0,42,35068
2026,2,5450.00,486,0,43,35558
2026,2,5500.00,498,0,44,36048
2026,2,5550.00,511,0,45,36539
2026,2,5600.00,523,0,47,37029
2026,2,5650.00,536,0,48,37519
2026,2,5700.00,548,0,49,38009
2026,2,5750.00,561,0,50,38499
2026,2,5800.00,574,0,51,38990
2026,2,5850.00,588,0,52,39520
2026,2,5900.00,602,0,54,40065
2026,2,5950.00,616,0,55,40609
2026,2,6000.00,631,0,56,41153
2026,2,6050.00,645,0,58,41697
2026,2,6100.00,660,0,59,42241
2026,2,6150.00,675,0,60,42786
2026,2,6200.00,690,0,62,43330
2026,2,6250.00,705,0,63,43874
2026,2,6300.00,720,0,64,44418
2026,2,6350.00,735,0,66,44962
2026,2,6400.00,750,0,67,45507
2026,2,6450.00,765,0,68,46051
2026,2,6500.00,781,0,70,46595
2026,2,6550.00,796,0,71,47139
2026,2,6600.00,811,0,72,47683
2026,2,6650.00,827,0,74,48228
2026,2,6700.00,843,0,75,48772
2026,2,6750.00,859,0,77,49316
2026,2,6800.00,874,0,78,49860
2026,2,6850.00,890,0,80,50404
2026,2,6900.00,906,0,81,50949
2026,2,6950.00,923,0,83,51493
2026,2,7000.00,939,0,84,52037
2026,2,7050.00,955,0,85,52581
2026,2,7100.00,971,0,87,53125
2026,2,7150.00,988,0,88,53670
2026,2,7200.00,1004,0,90,54214
2026,2,7250.00,1021,0,91,54758
2026,2,7300.00,1038,0,93,55302
2026,2,7350.00,1055,0,94,55846
2026,2,7400.00,1071,0,96,56391
2026,2,7450.00,1088,0,97,56935
2026,2,7500.00,1105,0,99,57479
2026,2,7550.00,1123,0,101,58023
2026,2,7600.00,1140,0,102,58567
2026,2,7650.00,1157,0,104,59112
2026,2,7700.00,1175,0,105,59656
2026,2,7750.00,1192,0,107,60200
2026,2,7800.00,1210,0,108,60744
2026,2,7850.00,1227,0,110,61288
2026,2,7900.00,1245,0,112,61833
2026,2,7950.00,1263,0,113,62377
2026,2,8000.00,1281,0,115,62921
2026,2,8050.00,1299,0,116,63465
2026,2,8100.00,1317,0,118,64009
2026,2,8150.00,1335,0,120,64554
2026,2,8200.00,1353,0,121,65098
2026,2,8250.00,1372,0,123,65642
2026,2,8300.00,1390,0,125,66186
2026,2,8350.00,1409,0,126,66730
2026,2,8400.00,1427,0,128,67275
2026,2,8450.00,1446,0,130,67819
2026,2,8500.00,1466,0,131,68419
2026,2,8550.00,1487,0,133,69019
2026,2,8600.00,1508,0,135,69619
2026,2,8650.00,1529,0,137,70219
2026,2,8700.00,1550,0,139,70819
2026,2,8750.00,1571,0,141,71419
2026,2,8800.00,1592,0,143,72019
2026,2,8850.00,1613,0,145,72619
2026,2,8900.00,1634,0,147,73219
2026,2,8950.00,1655,0,148,73819
2026,2,9000.00,1676,0,150,74419
2026,2,9050.00,1697,0,152,75019
2026,2,9100.00,1718,2,154,75619
2026,2,9150.00,1739,5,156,76219
2026,2,9200.00,1760,7,158,76819
2026,2,9250.00,1781,10,160,77419
2026,2,9300.00,1802,12,162,78019
2026,2,9350.00,1823,15,164,78619
2026,2,9400.00,1844,17,165,79219
2026,2,9450.00,1865,20,167,79819
2026,2,9500.00,1886,22,169,80419
2026,2,9550.00,1907,25,171,81019
2026,2,9600.00,1928,27,173,81619
2026,2,9650.00,1949,30,175,82219
2026,2,9700.00,1970,32,177,82819
2026,2,9750.00,1991,35,179,83419
2026,2,9800.00,2012,37,181,84019
2026,2,9850.00,2033,40,182,84619
2026,2,9900.00,2054,42,184,85219
2026,2,9950.00,2075,45,186,85819
2026,2,10000.00,2096,47,188,86419
2026,2,10050.00,2117,50,190,87019
2026,2,10100.00,2138,52,192,87619
2026,2,10150.00,2159,55,194,88219
2026,2,10200.00,2180,57,196,88819
2026,2,10250.00,2201,60,198,89419
2026,2,10300.00,2222,62,199,90019
2026,2,10350.00,2243,65,201,90619
2026,2,10400.00,2264,67,203,91219
2026,2,10450.00,2285,70,205,91819
2026,2,10500.00,2306,72,207,92419
2026,2,10550.00,2327,75,209,93019
2026,2,10600.00,2348,77,211,93619
2026,2,10650.00,2369,80,213,94219
2026,2,10700.00,2390,82,215,94819
2026,2,10750.00,2411,85,216,95419
2026,2,10800.00,2432,87,218,96019
2026,2,10850.00,2453,90,220,96619
2026,2,10900.00,2474,92,222,97219
2026,2,10950.00,2495,95,224,97819
2026,2,11000.00,2516,97,226,98419
2026,2,11050.00,2537,100,228,99019
2026,2,11100.00,2558,102,230,99619
2026,2,11150.00,2579,105,232,100219
2026,2,11200.00,2600,107,234,100819
2026,2,11250.00,2621,110,235,101419
2026,2,11300.00,2642,112,237,102019
2026,2,11350.00,2663,115,239,102619
2026,2,11400.00,2684,117,241,103219
2026,2,11450.00,2705,120,243,103819
2026,2,11500.00,2726,122,245,104419
2026,2,11550.00,2747,125,247,105019
2026,2,11600.00,2768,127,249,105619
2026,2,11650.00,2789,130,251,106219
2026,2,11700.00,2810,132,252,106819
2026,2,11750.00,2831,135,254,107419
2026,2,11800.00,2852,137,256,108019
2026,2,11850.00,2873,140,258,108619
2026,2,11900.00,2894,142,260,109219
2026,2,11950.00,2915,145,262,109819
2026,2,12000.00,2936,147,264,110419
2026,2,12050.00,2957,150,266,111019
2026,2,12100.00,2978,152,268,111619
2026,2,12150.00,2999,155,269,112219
2026,2,12200.00,3020,157,271,112819
2026,2,12250.00,3041,160,273,113419
2026,2,12300.00,3062,162,275,114019
2026,2,12350.00,3083,165,277,114619
2026,2,12400.00,3104,167,279,115219
2026,2,12450.00,3125,170,281,115819
2026,2,12500.00,3146,172,283,116419
2026,2,12550.00,3167,174,285,117019
2026,2,12600.00,3188,175,286,117619
2026,2,12650.00,3209,176,288,118219
2026,2,12700.00,3230,177,290,118819
2026,2,12750.00,3251,178,292,119419
2026,2,12800.00,3272,179,294,120019
2026,2,12850.00,3293,181,296,120619
2026,2,12900.00,3314,182,298,121219
2026,2,12950.00,3335,183,300,121819
2026,2,13000.00,3356,184,302,122419
2026,2,13050.00,3377,185,303,123019
2026,2,13100.00,3398,186,305,123619
2026,2,13150.00,3419,188,307,124219
2026,2,13200.00,3440,189,309,124819
2026,2,13250.00,3461,190,311,125419
2026,2,13300.00,3482,191,313,126019
2026,2,13350.00,3503,192,315,126619
2026,2,13400.00,3524,193,317,127219
2026,2,13450.00,3545,195,319,127819
2026,2,13500.00,3566,196,320,128419
2026,2,13550.00,3587,197,322,129019
2026,2,13600.00,3608,198,324,129619
2026,2,13650.00,3629,199,326,130219
2026,2,13700.00,3650,200,328,130819
2026,2,13750.00,3671,201,330,131419
2026,2,13800.00,3692,203,332,132019
2026,2,13850.00,3713,204,334,132619
2026,2,13900.00,3734,205,336,133219
2026,2,13950.00,3755,206,337,133819
2026,2,14000.00,3776,207,339,134419
2026,2,14050.00,3797,208,341,135019
2026,2,14100.00,3818,210,343,135619
2026,2,14150.00,3839,211,345,136219
2026,2,14200.00,3860,212,347,136819
2026,2,14250.00,3881,213,349,137419
2026,2,14300.00,3902,214,351,138019
2026,2,14350.00,3923,215,353,138619
2026,2,14400.00,3944,216,354,139219
2026,2,14450.00,3965,218,356,139819
2026,2,14500.00,3986,219,358,140419
2026,2,14550.00,4007,220,360,141019
2026,2,14600.00,4028,221,362,141619
2026,2,14650.00,4049,222,364,142219
2026,2,14700.00,4070,223,366,142819
2026,2,14750.00,4091,225,368,143419
2026,2,14800.00,4112,226,370,144019
2026,2,14850.00,4133,227,371,144619
2026,2,14900.00,4154,228,373,145219
2026,2,14950.00,4175,229,375,145819
2026,2,15000.00,4196,230,377,146419
2026,2,15050.00,4217,231,379,147019
2026,2,15100.00,4238,233,381,147619
2026,2,15150.00,4259,234,383,148219
2026,2,15200.00,4280,235,385,148819
2026,2,15250.00,4301,236,387,149419
2026,2,15300.00,4322,237,388,150019
2026,2,15350.00,4343,238,390,150619
2026,2,15400.00,4364,240,392,151219
2026,2,15450.00,4385,241,394,151819
2026,2,15500.00,4406,242,396,152419
2026,2,15550.00,4427,243,398,153019
2026,2,15600.00,4448,244,400,153619
2026,2,15650.00,4469,245,402,154219
2026,2,15700.00,4490,246,404,154819
2026,2,15750.00,4511,248,405,155419
2026,2,15800.00,4532,249,407,156019
2026,2,15850.00,4553,250,409,156619
2026,2,15900.00,4574,251,411,157219
2026,2,15950.00,4595,252,413,157819
2026,2,16000.00,4616,253,415,158419
2026,2,16050.00,4637,255,417,159019
2026,2,16100.00,4658,256,419,159619
2026,2,16150.00,4679,257,421,160219
2026,2,16200.00,4700,258,423,160819
2026,2,16250.00,4721,259,424,161419
2026,2,16300.00,4742,260,426,162019
2026,2,16350.00,4763,262,428,162619
2026,2,16400.00,4784,263,430,163219
2026,2,16450.00,4805,264,432,163819
2026,2,16500.00,4826,265,434,164419
2026,2,16550.00,4847,266,436,165019
2026,2,16600.00,4868,267,438,165619
2026,2,16650.00,4889,268,440,166219
2026,2,16700.00,4910,270,441,166819
2026,2,16750.00,4931,271,443,167419
2026,2,16800.00,4952,272,445,168019
2026,2,16850.00,4973,273,447,168619
2026,2,16900.00,4994,274,449,169219
2026,2,16950.00,5015,275,451,169819
2026,2,17000.00,5036,277,453,170419
2026,2,17050.00,5057,278,455,171019
2026,2,17100.00,5078,279,457,171619
2026,2,17150.00,5099,280,458,172219
2026,2,17200.00,5120,281,460,172819
2026,2,17250.00,5141,282,462,173419
2026,2,17300.00,5162,283,464,174019
2026,2,17350.00,5183,285,466,174619
2026,2,17400.00,5204,286,468,175219
2026,2,17450.00,5225,287,470,175819
2026,2,17500.00,5246,288,472,176419
2026,2,17550.00,5267,289,474,177019
2026,2,17600.00,5288,290,475,177619
2026,2,17650.00,5309,292,477,178219
2026,2,17700.00,5330,293,479,178819
2026,2,17750.00,5351,294,481,179419
2026,2,17800.00,5372,295,483,180019
2026,2,17850.00,5393,296,485,180619
2026,2,17900.00,5414,297,487,181219
2026,2,17950.00,5435,298,489,181819
2026,2,18000.00,5456,300,491,182419
2026,2,18050.00,5477,301,492,183019
2026,2,18100.00,5498,302,494,183619
2026,2,18150.00,5519,303,496,184219
2026,2,18200.00,5540,304,498,184819
2026,2,18250.00,5561,305,500,185419
2026,2,18300.00,5582,307,502,186019
2026,2,18350.00,5603,308,504,186619
2026,2,18400.00,5624,309,506,187219
2026,2,18450.00,5645,310,508,187819
2026,2,18500.00,5666,311,509,188419
2026,2,18550.00,5687,312,511,189019
2026,2,18600.00,5708,313,513,189619
2026,2,18650.00,5729,315,515,190219
2026,2,18700.00,5750,316,517,190819
2026,2,18750.00,5771,317,519,191419
2026,2,18800.00,5792,318,521,192019
2026,2,18850.00,5813,319,523,192619
2026,2,18900.00,5834,320,525,193219
2026,2,18950.00,5855,322,526,193819
2026,2,19000.00,5876,323,528,194419
2026,2,19050.00,5897,324,530,195019
2026,2,19100.00,5918,325,532,195619
2026,2,19150.00,5939,326,534,196219
2026,2,19200.00,5960,327,536,196819
2026,2,19250.00,5981,328,538,197419
2026,2,19300.00,6002,330,540,198019
2026,2,19350.00,6023,331,542,198619
2026,2,19400.00,6044,332,543,199219
2026,2,19450.00,6065,333,545,199819
2026,2,19500.00,6086,334,547,200419
2026,2,19550.00,6107,335,549,201019
2026,2,19600.00,6128,337,551,201619
2026,2,19650.00,6149,338,553,202219
2026,2,19700.00,6170,339,555,202819
2026,2,19750.00,6191,340,557,203419
2026,2,19800.00,6212,341,559,204019
2026,2,19850.00,6233,342,560,204619
2026,2,19900.00,6254,344,562,205219
2026,2,19950.00,6275,345,564,205819
2026,2,20000.00,6296,346,566,206419
2026,3,0.00,0,0,0,0
2026,3,50.00,0,0,0,0
2026,3,100.00,0,0,0,0
2026,3,150.00,0,0,0,0
2026,3,200.00,0,0,0,0
2026,3,250.00,0,0,0,0
2026,3,300.00,0,0,0,0
2026,3,350.00,0,0,0,0
2026,3,400.00,0,0,0,0
2026,3,450.00,0,0,0,0
2026,3,500.00,0,0,0,0
2026,3,550.00,0,0,0,0
2026,3,600.00,0,0,0,0
2026,3,650.00,0,0,0,0
2026,3,700.00,0,0,0,0
2026,3,750.00,0,0,0,0
2026,3,800.00,0,0,0,0
2026,3,850.00,0,0,0,0
2026,3,900.00,0,0,0,0
2026,3,950.00,0,0,0,0
2026,3,1000.00,0,0,0,0
2026,3,1050.00,0,0,0,0
2026,3,1100.00,0,0,0,0
2026,3,1150.00,0,0,0,0
2026,3,1200.00,0,0,0,0
2026,3,1250.00,0,0,0,0
2026,3,1300.00,0,0,0,0
2026,3,1350.00,0,0,0,0
2026,3,1400.00,0,0,0,0
2026,3,1450.00,0,0,0,0
2026,3,1500.00,0,0,0,0
2026,3,1550.00,0,0,0,0
2026,3,1600.00,0,0,0,0
2026,3,1650.00,0,0,0,0
2026,3,1700.00,0,0,0,0
2026,3,1750.00,0,0,0,0
2026,3,1800.00,0,0,0,0
2026,3,1850.00,0,0,0,0
2026,3,1900.00,0,0,0,0
2026,3,1950.00,0,0,0,0
2026,3,2000.00,0,0,0,0
2026,3,2050.00,0,0,0,0
2026,3,2100.00,0,0,0,0
2026,3,2150.00,0,0,0,0
2026,3,2200.00,0,0,0,0
2026,3,2250.00,0,0,0,0
2026,3,2300.00,0,0,0,0
2026,3,2350.00,0,0,0,0
2026,3,2400.00,0,0,0,0
2026,3,2450.00,0,0,0,0
2026,3,2500.00,0,0,0,0
2026,3,2550.00,0,0,0,0
2026,3,2600.00,0,0,0,0
2026,3,2650.00,0,0,0,19
2026,3,2700.00,0,0,0,509
2026,3,2750.00,0,0,0,999
2026,3,2800.00,0,0,0,1490
2026,3,2850.00,0,0,0,1980
2026,3,2900.00,0,0,0,2470
2026,3,2950.00,0,0,0,2960
2026,3,3000.00,0,0,0,3450
2026,3,3050.00,0,0,0,3941
2026,3,3100.00,0,0,0,4431
2026,3,3150.00,0,0,0,4921
2026,3,3200.00,0,0,0,5411
2026,3,3250.00,0,0,0,5901
2026,3,3300.00,0,0,0,6392
2026,3,3350.00,0,0,0,6882
2026,3,3400.00,0,0,0,7372
2026,3,3450.00,0,0,0,7862
2026,3,3500.00,0,0,0,8352
2026,3,3550.00,0,0,0,8843
2026,3,3600.00,0,0,0,9333
2026,3,3650.00,0,0,0,9823
2026,3,3700.00,0,0,0,10313
2026,3,3750.00,0,0,0,10803
2026,3,3800.00,0,0,0,11294
2026,3,3850.00,0,0,0,11784
2026,3,3900.00,0,0,0,12274
2026,3,3950.00,0,0,0,12764
2026,3,4000.00,0,0,0,13254
2026,3,4050.00,0,0,0,13745
2026,3,4100.00,0,0,0,14235
2026,3,4150.00,0,0,0,14725
2026,3,4200.00,0,0,0,15215
2026,3,4250.00,0,0,0,15705
2026,3,4300.00,0,0,0,16196
2026,3,4350.00,0,0,0,16686
2026,3,4400.00,0,0,0,17176
2026,3,4450.00,0,0,0,17666
2026,3,4500.00,0,0,0,18156
2026,3,4550.00,0,0,0,18647
2026,3,4600.00,0,0,0,19137
2026,3,4650.00,0,0,0,19627
2026,3,4700.00,0,0,0,20117
2026,3,4750.00,0,0,0,20607
2026,3,4800.00,0,0,0,21098
2026,3,4850.00,0,0,0,21588
2026,3,4900.00,0,0,0,22078
2026,3,4950.00,0,0,0,22568
2026,3,5000.00,0,0,0,23058
2026,3,5050.00,0,0,0,23549
2026,3,5100.00,0,0,0,24039
2026,3,5150.00,0,0,0,24529
2026,3,5200.00,3,0,0,25019
2026,3,5250.00,9,0,0,25509
2026,3,5300.00,15,0,1,26000
2026,3,5350.00,22,0,1,26490
2026,3,5400.00,28,0,2,26980
2026,3,5450.00,35,0,3,27470
2026,3,5500.00,42,0,3,27960
2026,3,5550.00,49,0,4,28451
2026,3,5600.00,56,0,5,28941
2026,3,5650.00,63,0,5,29431
2026,3,5700.00,71,0,6,29921
2026,3,5750.00,79,0,7,30411
2026,3,5800.00,87,0,7,30902
2026,3,5850.00,95,0,8,31432
2026,3,5900.00,105,0,9,31977
2026,3,5950.00,114,0,10,32521
2026,3,6000.00,124,0,11,33065
2026,3,6050.00,134,0,12,33609
2026,3,6100.00,144,0,12,34153
2026,3,6150.00,154,0,13,34698
2026,3,6200.00,165,0,14,35242
2026,3,6250.00,176,0,15,35786
2026,3,6300.00,187,0,16,36330
2026,3,6350.00,198,0,17,36874
2026,3,6400.00,209,0,18,37419
2026,3,6450.00,220,0,19,37963
2026,3,6500.00,231,0,20,38507
2026,3,6550.00,242,0,21,39051
2026,3,6600.00,253,0,22,39595
2026,3,6650.00,264,0,23,40140
2026,3,6700.00,275,0,24,40684
2026,3,6750.00,287,0,25,41228
2026,3,6800.00,298,0,26,41772
2026,3,6850.00,309,0,27,42316
2026,3,6900.00,321,0,28,42861
2026,3,6950.00,332,0,29,43405
2026,3,7000.00,344,0,30,43949
2026,3,7050.00,355,0,31,44493
2026,3,7100.00,367,0,33,45037
2026,3,7150.00,379,0,34,45582
2026,3,7200.00,390,0,35,46126
2026,3,7250.00,402,0,36,46670
2026,3,7300.00,414,0,37,47214
2026,3,7350.00,426,0,38,47758
2026,3,7400.00,437,0,39,48303
2026,3,7450.00,449,0,40,48847
2026,3,7500.00,461,0,41,49391
2026,3,7550.00,473,0,42,49935
2026,3,7600.00,485,0,43,50479
2026,3,7650.00,497,0,44,51024
2026,3,7700.00,509,0,45,51568
2026,3,7750.00,522,0,46,52112
2026,3,7800.00,534,0,48,52656
2026,3,7850.00,546,0,49,53200
2026,3,7900.00,558,0,50,53745
2026,3,7950.00,571,0,51,54289
2026,3,8000.00,583,0,52,54833
2026,3,8050.00,595,0,53,55377
2026,3,8100.00,608,0,54,55921
2026,3,8150.00,620,0,55,56466
2026,3,8200.00,633,0,56,57010
2026,3,8250.00,645,0,58,57554
2026,3,8300.00,658,0,59,58098
2026,3,8350.00,671,0,60,58642
2026,3,8400.00,683,0,61,59187
2026,3,8450.00,696,0,62,59731
2026,3,8500.00,710,0,63,60331
2026,3,8550.00,724,0,65,60931
2026,3,8600.00,738,0,66,61531
2026,3,8650.00,753,0,67,62131
2026,3,8700.00,767,0,69,62731
2026,3,8750.00,781,0,70,63331
2026,3,8800.00,796,0,71,63931
2026,3,8850.00,810,0,72,64531
2026,3,8900.00,825,0,74,65131
2026,3,8950.00,839,0,75,65731
2026,3,9000.00,854,0,76,66331
2026,3,9050.00,869,0,78,66931
2026,3,9100.00,883,0,79,67531
2026,3,9150.00,898,0,80,68131
2026,3,9200.00,913,0,82,68731
2026,3,9250.00,928,0,83,69331
2026,3,9300.00,943,0,84,69931
2026,3,9350.00,958,0,86,70531
2026,3,9400.00,973,0,87,71131
2026,3,9450.00,988,0,88,71731
2026,3,9500.00,1003,0,90,72331
2026,3,9550.00,1018,0,91,72931
2026,3,9600.00,1033,0,92,73531
2026,3,9650.00,1049,0,94,74131
2026,3,9700.00,1064,0,95,74731
2026,3,9750.00,1079,0,97,75331
2026,3,9800.00,1095,0,98,75931
2026,3,9850.00,1110,0,99,76531
2026,3,9900.00,1126,0,101,77131
2026,3,9950.00,1142,0,102,77731
2026,3,10000.00,1157,0,104,78331
2026,3,10050.00,1173,0,105,78931
2026,3,10100.00,1189,0,107,79531
2026,3,10150.00,1205,0,108,80131
2026,3,10200.00,1220,0,109,80731
2026,3,10250.00,1236,0,111,81331
2026,3,10300.00,1252,0,112,81931
2026,3,10350.00,1268,0,114,82531
2026,3,10400.00,1284,0,115,83131
2026,3,10450.00,1301,0,117,83731
2026,3,10500.00,1317,0,118,84331
2026,3,10550.00,1333,0,119,84931
2026,3,10600.00,1349,0,121,85531
2026,3,10650.00,1366,0,122,86131
2026,3,10700.00,1382,0,124,86731
2026,3,10750.00,1398,0,125,87331
2026,3,10800.00,1415,0,127,87931
2026,3,10850.00,1431,0,128,88531
2026,3,10900.00,1448,0,130,89131
2026,3,10950.00,1465,0,131,89731
2026,3,11000.00,1481,0,133,90331
2026,3,11050.00,1498,0,134,90931
2026,3,11100.00,1515,0,136,91531
2026,3,11150.00,1532,0,137,92131
2026,3,11200.00,1549,0,139,92731
2026,3,11250.00,1566,0,140,93331
2026,3,11300.00,1583,0,142,93931
2026,3,11350.00,1600,0,144,94531
2026,3,11400.00,1617,0,145,95131
2026,3,11450.00,1634,0,147,95731
2026,3,11500.00,1651,0,148,96331
2026,3,11550.00,1668,0,150,96931
2026,3,11600.00,1686,0,151,97531
2026,3,11650.00,1703,0,153,98131
2026,3,11700.00,1721,0,154,98731
2026,3,11750.00,1738,0,156,99331
2026,3,11800.00,1756,0,158,99931
2026,3,11850.00,1773,0,159,100531
2026,3,11900.00,1791,0,161,101131
2026,3,11950.00,1808,0,162,101731
2026,3,12000.00,1826,0,164,102331
2026,3,12050.00,1844,0,165,102931
2026,3,12100.00,1862,0,167,103531
2026,3,12150.00,1880,0,169,104131
2026,3,12200.00,1898,0,170,104731
2026,3,12250.00,1916,0,172,105331
2026,3,12300.00,1934,0,174,105931
2026,3,12350.00,1952,0,175,106531
2026,3,12400.00,1970,0,177,107131
2026,3,12450.00,1988,0,178,107731
2026,3,12500.00,2006,0,180,108331
2026,3,12550.00,2025,0,182,108931
2026,3,12600.00,2043,0,183,109531
2026,3,12650.00,2061,0,185,110131
2026,3,12700.00,2080,0,187,110731
2026,3,12750.00,2098,0,188,111331
2026,3,12800.00,2117,0,190,111931
2026,3,12850.00,2136,0,192,112531
2026,3,12900.00,2154,0,193,113131
2026,3,12950.00,2173,0,195,113731
2026,3,13000.00,2192,0,197,114331
2026,3,13050.00,2211,0,198,114931
2026,3,13100.00,2229,0,200,115531
2026,3,13150.00,2248,0,202,116131
2026,3,13200.00,2267,0,204,116731
2026,3,13250.00,2286,0,205,117331
2026,3,13300.00,2305,0,207,117931
2026,3,13350.00,2325,0,209,118531
2026,3,13400.00,2344,0,210,119131
2026,3,13450.00,2363,0,212,119731
2026,3,13500.00,2382,0,214,120331
2026,3,13550.00,2402,0,216,120931
2026,3,13600.00,2421,0,217,121531
2026,3,13650.00,2441,0,219,122131
2026,3,13700.00,2460,0,221,122731
2026,3,13750.00,2480,0,223,123331
2026,3,13800.00,2499,0,224,123931
2026,3,13850.00,2519,0,226,124531
2026,3,13900.00,2539,0,228,125131
2026,3,13950.00,2558,0,230,125731
2026,3,14000.00,2578,0,232,126331
2026,3,14050.00,2598,0,233,126931
2026,3,14100.00,2618,0,235,127531
2026,3,14150.00,2638,0,237,128131
2026,3,14200.00,2658,0,239,128731
2026,3,14250.00,2678,0,241,129331
2026,3,14300.00,2698,0,242,129931
2026,3,14350.00,2718,0,244,130531
2026,3,14400.00,2738,0,246,131131
2026,3,14450.00,2759,0,248,131731
2026,3,14500.00,2779,0,250,132331
2026,3,14550.00,2799,0,251,132931
2026,3,14600.00,2820,0,253,133531
2026,3,14650.00,2840,0,255,134131
2026,3,14700.00,2861,0,257,134731
2026,3,14750.00,2882,0,259,135331
2026,3,14800.00,2902,0,261,135931
2026,3,14850.00,2923,0,263,136531
2026,3,14900.00,2944,0,264,137131
2026,3,14950.00,2964,0,266,137731
2026,3,15000.00,2985,0,268,138331
2026,3,15050.00,3006,0,270,138931
2026,3,15100.00,3027,0,272,139531
2026,3,15150.00,3048,0,274,140131
2026,3,15200.00,3069,0,276,140731
2026,3,15250.00,3090,0,278,141331
2026,3,15300.00,3111,0,279,141931
2026,3,15350.00,3132,0,281,142531
2026,3,15400.00,3153,0,283,143131
2026,3,15450.00,3174,0,285,143731
2026,3,15500.00,3195,0,287,144331
2026,3,15550.00,3216,0,289,144931
2026,3,15600.00,3237,0,291,145531
2026,3,15650.00,3258,0,293,146131
2026,3,15700.00,3279,0,295,146731
2026,3,15750.00,3300,0,297,147331
2026,3,15800.00,3321,0,298,147931
2026,3,15850.00,3342,0,300,148531
2026,3,15900.00,3363,0,302,149131
2026,3,15950.00,3384,0,304,149731
2026,3,16000.00,3405,1,306,150331
2026,3,16050.00,3426,4,308,150931
2026,3,16100.00,3447,6,310,151531
2026,3,16150.00,3468,9,312,152131
2026,3,16200.00,3489,11,314,152731
2026,3,16250.00,3510,14,315,153331
2026,3,16300.00,3531,16,317,153931
2026,3,16350.00,3552,19,319,154531
2026,3,16400.00,3573,21,321,155131
2026,3,16450.00,3594,24,323,155731
2026,3,16500.00,3615,26,325,156331
2026,3,16550.00,3636,29,327,156931
2026,3,16600.00,3657,31,329,157531
2026,3,16650.00,3678,34,331,158131
2026,3,16700.00,3699,36,332,158731
2026,3,16750.00,3720,39,334,159331
2026,3,16800.00,3741,41,336,159931
2026,3,16850.00,3762,44,338,160531
2026,3,16900.00,3783,46,340,161131
2026,3,16950.00,3804,49,342,161731
2026,3,17000.00,3825,51,344,162331
2026,3,17050.00,3846,54,346,162931
2026,3,17100.00,3867,56,348,163531
2026,3,17150.00,3888,59,349,164131
2026,3,17200.00,3909,61,351,164731
2026,3,17250.00,3930,64,353,165331
2026,3,17300.00,3951,66,355,165931
2026,3,17350.00,3972,69,357,166531
2026,3,17400.00,3993,71,359,167131
2026,3,17450.00,4014,74,361,167731
2026,3,17500.00,4035,76,363,168331
2026,3,17550.00,4056,79,365,168931
2026,3,17600.00,4077,81,366,169531
2026,3,17650.00,4098,84,368,170131
2026,3,17700.00,4119,86,370,170731
2026,3,17750.00,4140,89,372,171331
2026,3,17800.00,4161,91,374,171931
2026,3,17850.00,4182,94,376,172531
2026,3,17900.00,4203,96,378,173131
2026,3,17950.00,4224,99,380,173731
2026,3,18000.00,4245,101,382,174331
2026,3,18050.00,4266,104,383,174931
2026,3,18100.00,4287,106,385,175531
2026,3,18150.00,4308,109,387,176131
2026,3,18200.00,4329,111,389,176731
2026,3,18250.00,4350,114,391,177331
2026,3,18300.00,4371,116,393,177931
2026,3,18350.00,4392,119,395,178531
2026,3,18400.00,4413,121,397,179131
2026,3,18450.00,4434,124,399,179731
2026,3,18500.00,4455,126,400,180331
2026,3,18550.00,4476,129,402,180931
2026,3,18600.00,4497,131,404,181531
2026,3,18650.00,4518,134,406,182131
2026,3,18700.00,4539,136,408,182731
2026,3,18750.00,4560,139,410,183331
2026,3,18800.00,4581,141,412,183931
2026,3,18850.00,4602,144,414,184531
2026,3,18900.00,4623,146,416,185131
2026,3,18950.00,4644,149,417,185731
2026,3,19000.00,4665,151,419,186331
2026,3,19050.00,4686,154,421,186931
2026,3,19100.00,4707,156,423,187531
2026,3,19150.00,4728,159,425,188131
2026,3,19200.00,4749,161,427,188731
2026,3,19250.00,4770,164,429,189331
2026,3,19300.00,4791,166,431,189931
2026,3,19350.00,4812,169,433,190531
2026,3,19400.00,4833,171,434,191131
2026,3,19450.00,4854,174,436,191731
2026,3,19500.00,4875,176,438,192331
2026,3,19550.00,4896,179,440,192931
2026,3,19600.00,4917,181,442,193531
2026,3,19650.00,4938,184,444,194131
2026,3,19700.00,4959,186,446,194731
2026,3,19750.00,4980,189,448,195331
2026,3,19800.00,5001,191,450,195931
2026,3,19850.00,5022,194,451,196531
2026,3,19900.00,5043,196,453,197131
2026,3,19950.00,5064,199,455,197731
2026,3,20000.00,5085,201,457,198331
2026,4,0.00,0,0,0,0
2026,4,50.00,0,0,0,0
2026,4,100.00,0,0,0,0
2026,4,150.00,0,0,0,0
2026,4,200.00,0,0,0,0
2026,4,250.00,0,0,0,0
2026,4,300.00,0,0,0,0
2026,4,350.00,0,0,0,0
2026,4,400.00,0,0,0,0
2026,4,450.00,0,0,0,0
2026,4,500.00,0,0,0,0
2026,4,550.00,0,0,0,0
2026,4,600.00,0,0,0,0
2026,4,650.00,0,0,0,0
2026,4,700.00,0,0,0,0
2026,4,750.00,0,0,0,0
2026,4,800.00,0,0,0,0
2026,4,850.00,0,0,0,0
2026,4,900.00,0,0,0,0
2026,4,950.00,0,0,0,0
2026,4,1000.00,0,0,0,0
2026,4,1050.00,0,0,0,0
2026,4,1100.00,0,0,0,0
2026,4,1150.00,0,0,0,0
2026,4,1200.00,0,0,0,0
2026,4,1250.00,0,0,0,0
2026,4,1300.00,0,0,0,0
2026,4,1350.00,0,0,0,0
2026,4,1400.00,0,0,0,112
2026,4,1450.00,0,0,0,602
2026,4,1500.00,0,0,0,1092
2026,4,1550.00,0,0,0,1583
2026,4,1600.00,0,0,0,2073
2026,4,1650.00,0,0,0,2563
2026,4,1700.00,0,0,0,3053
2026,4,1750.00,0,0,0,3543
2026,4,1800.00,0,0,0,4034
2026,4,1850.00,0,0,0,4524
2026,4,1900.00,0,0,0,5014
2026,4,1950.00,0,0,0,5504
2026,4,2000.00,0,0,0,5994
2026,4,2050.00,0,0,0,6485
2026,4,2100.00,0,0,0,6975
2026,4,2150.00,0,0,0,7465
2026,4,2200.00,0,0,0,7955
2026,4,2250.00,0,0,0,8445
2026,4,2300.00,0,0,0,8936
2026,4,2350.00,0,0,0,9426
2026,4,2400.00,0,0,0,9916
2026,4,2450.00,0,0,0,10406
2026,4,2500.00,0,0,0,10896
2026,4,2550.00,0,0,0,11387
2026,4,2600.00,0,0,0,11877
2026,4,2650.00,0,0,0,12367
2026,4,2700.00,6,0,0,12857
2026,4,2750.00,12,0,1,13347
2026,4,2800.00,19,0,1,13838
2026,4,2850.00,26,0,2,14328
2026,4,2900.00,33,0,2,14818
2026,4,2950.00,41,0,3,15308
2026,4,3000.00,49,0,4,15798
2026,4,3050.00,57,0,5,16289
2026,4,3100.00,66,0,5,16779
2026,4,3150.00,75,0,6,17269
2026,4,3200.00,85,0,7,17759
2026,4,3250.00,95,0,8,18249
2026,4,3300.00,105,0,9,18740
2026,4,3350.00,115,0,10,19230
2026,4,3400.00,125,0,11,19720
2026,4,3450.00,135,0,12,20210
2026,4,3500.00,145,0,13,20700
2026,4,3550.00,155,0,13,21191
2026,4,3600.00,165,0,14,21681
2026,4,3650.00,176,0,15,22171
2026,4,3700.00,186,0,16,22661
2026,4,3750.00,197,0,17,23151
2026,4,3800.00,207,0,18,23642
2026,4,3850.00,218,0,19,24132
2026,4,3900.00,229,0,20,24622
2026,4,3950.00,240,0,21,25112
2026,4,4000.00,250,0,22,25602
2026,4,4050.00,261,0,23,26093
2026,4,4100.00,272,0,24,26583
2026,4,4150.00,283,0,25,27073
2026,4,4200.00,295,0,26,27563
2026,4,4250.00,306,0,27,28053
2026,4,4300.00,317,0,28,28544
2026,4,4350.00,328,0,29,29034
2026,4,4400.00,340,0,30,29524
2026,4,4450.00,351,0,31,30014
2026,4,4500.00,363,0,32,30504
2026,4,4550.00,374,0,33,30995
2026,4,4600.00,386,0,34,31485
2026,4,4650.00,398,0,35,31975
2026,4,4700.00,410,0,36,32465
2026,4,4750.00,422,0,37,32955
2026,4,4800.00,434,0,39,33446
2026,4,4850.00,446,0,40,33936
2026,4,4900.00,458,0,41,34426
2026,4,4950.00,470,0,42,34916
2026,4,5000.00,482,0,43,35406
2026,4,5050.00,494,0,44,35897
2026,4,5100.00,507,0,45,36387
2026,4,5150.00,519,0,46,36877
2026,4,5200.00,532,0,47,37367
2026,4,5250.00,544,0,48,37857
2026,4,5300.00,557,0,50,38348
2026,4,5350.00,570,0,51,38838
2026,4,5400.00,583,0,52,39328
2026,4,5450.00,596,0,53,39818
2026,4,5500.00,608,0,54,40308
2026,4,5550.00,621,0,55,40799
2026,4,5600.00,635,0,57,41289
2026,4,5650.00,648,0,58,41779
2026,4,5700.00,661,0,59,42269
2026,4,5750.00,674,0,60,42759
2026,4,5800.00,688,0,61,43250
2026,4,5850.00,702,0,63,43780
2026,4,5900.00,717,0,64,44325
2026,4,5950.00,732,0,65,44869
2026,4,6000.00,747,0,67,45413
2026,4,6050.00,763,0,68,45957
2026,4,6100.00,778,0,70,46501
2026,4,6150.00,793,0,71,47046
2026,4,6200.00,809,0,72,47590
2026,4,6250.00,824,0,74,48134
2026,4,6300.00,840,0,75,48678
2026,4,6350.00,856,0,77,49222
2026,4,6400.00,872,0,78,49767
2026,4,6450.00,888,0,79,50311
2026,4,6500.00,904,0,81,50855
2026,4,6550.00,920,0,82,51399
2026,4,6600.00,936,0,84,51943
2026,4,6650.00,952,0,85,52488
2026,4,6700.00,969,0,87,53032
2026,4,6750.00,985,0,88,53576
2026,4,6800.00,1002,0,90,54120
2026,4,6850.00,1018,0,91,54664
2026,4,6900.00,1035,0,93,55209
2026,4,6950.00,1052,0,94,55753
2026,4,7000.00,1069,0,96,56297
2026,4,7050.00,1085,0,97,56841
2026,4,7100.00,1103,0,99,57385
2026,4,7150.00,1120,0,100,57930
2026,4,7200.00,1137,0,102,58474
2026,4,7250.00,1154,0,103,59018
2026,4,7300.00,1172,0,105,59562
2026,4,7350.00,1189,0,107,60106
2026,4,7400.00,1207,0,108,60651
2026,4,7450.00,1224,0,110,61195
2026,4,7500.00,1242,0,111,61739
2026,4,7550.00,1260,0,113,62283
2026,4,7600.00,1278,0,115,62827
2026,4,7650.00,1296,0,116,63372
2026,4,7700.00,1314,0,118,63916
2026,4,7750.00,1332,0,119,64460
2026,4,7800.00,1350,0,121,65004
2026,4,7850.00,1368,0,123,65548
2026,4,7900.00,1387,0,124,66093
2026,4,7950.00,1405,0,126,66637
2026,4,8000.00,1424,0,128,67181
2026,4,8050.00,1443,0,129,67725
2026,4,8100.00,1461,0,131,68269
2026,4,8150.00,1480,0,133,68814
2026,4,8200.00,1499,0,134,69358
2026,4,8250.00,1518,0,136,69902
2026,4,8300.00,1537,0,138,70446
2026,4,8350.00,1556,0,140,70990
2026,4,8400.00,1575,0,141,71535
2026,4,8450.00,1594,0,143,72079
2026,4,8500.00,1615,0,145,72679
2026,4,8550.00,1636,0,147,73279
2026,4,8600.00,1657,0,149,73879
2026,4,8650.00,1678,0,151,74479
2026,4,8700.00,1699,0,152,75079
2026,4,8750.00,1720,2,154,75679
2026,4,8800.00,1741,5,156,76279
2026,4,8850.00,1762,7,158,76879
2026,4,8900.00,1783,10,160,77479
2026,4,8950.00,1804,12,162,78079
2026,4,9000.00,1825,15,164,78679
2026,4,9050.00,1846,17,166,79279
2026,4,9100.00,1867,20,168,79879
2026,4,9150.00,1888,22,169,80479
2026,4,9200.00,1909,25,171,81079
2026,4,9250.00,1930,27,173,81679
2026,4,9300.00,1951,30,175,82279
2026,4,9350.00,1972,32,177,82879
2026,4,9400.00,1993,35,179,83479
2026,4,9450.00,2014,37,181,84079
2026,4,9500.00,2035,40,183,84679
2026,4,9550.00,2056,42,185,85279
2026,4,9600.00,2077,45,186,85879
2026,4,9650.00,2098,47,188,86479
2026,4,9700.00,2119,50,190,87079
2026,4,9750.00,2140,52,192,87679
2026,4,9800.00,2161,55,194,88279
2026,4,9850.00,2182,57,196,88879
2026,4,9900.00,2203,60,198,89479
2026,4,9950.00,2224,62,200,90079
2026,4,10000.00,2245,65,202,90679
2026,4,10050.00,2266,67,203,91279
2026,4,10100.00,2287,70,205,91879
2026,4,10150.00,2308,72,207,92479
2026,4,10200.00,2329,75,209,93079
2026,4,10250.00,2350,77,211,93679
2026,4,10300.00,2371,80,213,94279
2026,4,10350.00,2392,82,215,94879
2026,4,10400.00,2413,85,217,95479
2026,4,10450.00,2434,87,219,96079
2026,4,10500.00,2455,90,220,96679
2026,4,10550.00,2476,92,222,97279
2026,4,10600.00,2497,95,224,97879
2026,4,10650.00,2518,97,226,98479
2026,4,10700.00,2539,100,228,99079
2026,4,10750.00,2560,102,230,99679
2026,4,10800.00,2581,105,232,100279
2026,4,10850.00,2602,107,234,100879
2026,4,10900.00,2623,110,236,101479
2026,4,10950.00,2644,112,237,102079
2026,4,11000.00,2665,115,239,102679
2026,4,11050.00,2686,117,241,103279
2026,4,11100.00,2707,120,243,103879
2026,4,11150.00,2728,122,245,104479
2026,4,11200.00,2749,125,247,105079
2026,4,11250.00,2770,127,249,105679
2026,4,11300.00,2791,130,251,106279
2026,4,11350.00,2812,132,253,106879
2026,4,11400.00,2833,135,254,107479
2026,4,11450.00,2854,137,256,108079
2026,4,11500.00,2875,140,258,108679
2026,4,11550.00,2896,142,260,109279
2026,4,11600.00,2917,145,262,109879
2026,4,11650.00,2938,147,264,110479
2026,4,11700.00,2959,150,266,111079
2026,4,11750.00,2980,152,268,111679
2026,4,11800.00,3001,155,270,112279
2026,4,11850.00,3022,157,271,112879
2026,4,11900.00,3043,160,273,113479
2026,4,11950.00,3064,162,275,114079
2026,4,12000.00,3085,165,277,114679
2026,4,12050.00,3106,167,279,115279
2026,4,12100.00,3127,170,281,115879
2026,4,12150.00,3148,172,283,116479
2026,4,12200.00,3169,174,285,117079
2026,4,12250.00,3190,175,287,117679
2026,4,12300.00,3211,176,288,118279
2026,4,12350.00,3232,177,290,118879
2026,4,12400.00,3253,178,292,119479
2026,4,12450.00,3274,180,294,120079
2026,4,12500.00,3295,181,296,120679
2026,4,12550.00,3316,182,298,121279
2026,4,12600.00,3337,183,300,121879
2026,4,12650.00,3358,184,302,122479
2026,4,12700.00,3379,185,304,123079
2026,4,12750.00,3400,187,306,123679
2026,4,12800.00,3421,188,307,124279
2026,4,12850.00,3442,189,309,124879
2026,4,12900.00,3463,190,311,125479
2026,4,12950.00,3484,191,313,126079
2026,4,13000.00,3505,192,315,126679
2026,4,13050.00,3526,193,317,127279
2026,4,13100.00,3547,195,319,127879
2026,4,13150.00,3568,196,321,128479
2026,4,13200.00,3589,197,323,129079
2026,4,13250.00,3610,198,324,129679
2026,4,13300.00,3631,199,326,130279
2026,4,13350.00,3652,200,328,130879
2026,4,13400.00,3673,202,330,131479
2026,4,13450.00,3694,203,332,132079
2026,4,13500.00,3715,204,334,132679
2026,4,13550.00,3736,205,336,133279
2026,4,13600.00,3757,206,338,133879
2026,4,13650.00,3778,207,340,134479
2026,4,13700.00,3799,208,341,135079
2026,4,13750.00,3820,210,343,135679
2026,4,13800.00,3841,211,345,136279
2026,4,13850.00,3862,212,347,136879
2026,4,13900.00,3883,213,349,137479
2026,4,13950.00,3904,214,351,138079
2026,4,14000.00,3925,215,353,138679
2026,4,14050.00,3946,217,355,139279
2026,4,14100.00,3967,218,357,139879
2026,4,14150.00,3988,219,358,140479
2026,4,14200.00,4009,220,360,141079
2026,4,14250.00,4030,221,362,141679
2026,4,14300.00,4051,222,364,142279
2026,4,14350.00,4072,224,366,142879
2026,4,14400.00,4093,225,368,143479
2026,4,14450.00,4114,226,370,144079
2026,4,14500.00,4135,227,372,144679
2026,4,14550.00,4156,228,374,145279
2026,4,14600.00,4177,229,375,145879
2026,4,14650.00,4198,230,377,146479
2026,4,14700.00,4219,232,379,147079
2026,4,14750.00,4240,233,381,147679
2026,4,14800.00,4261,234,383,148279
2026,4,14850.00,4282,235,385,148879
2026,4,14900.00,4303,236,387,149479
2026,4,14950.00,4324,237,389,150079
2026,4,15000.00,4345,239,391,150679
2026,4,15050.00,4366,240,392,151279
2026,4,15100.00,4387,241,394,151879
2026,4,15150.00,4408,242,396,152479
2026,4,15200.00,4429,243,398,153079
2026,4,15250.00,4450,244,400,153679
2026,4,15300.00,4471,245,402,154279
2026,4,15350.00,4492,247,404,154879
2026,4,15400.00,4513,248,406,155479
2026,4,15450.00,4534,249,408,156079
2026,4,15500.00,4555,250,409,156679
2026,4,15550.00,4576,251,411,157279
2026,4,15600.00,4597,252,413,157879
2026,4,15650.00,4618,254,415,158479
2026,4,15700.00,4639,255,417,159079
2026,4,15750.00,4660,256,419,159679
2026,4,15800.00,4681,257,421,160279
2026,4,15850.00,4702,258,423,160879
2026,4,15900.00,4723,259,425,161479
2026,4,15950.00,4744,260,426,162079
2026,4,16000.00,4765,262,428,162679
2026,4,16050.00,4786,263,430,163279
2026,4,16100.00,4807,264,432,163879
2026,4,16150.00,4828,265,434,164479
2026,4,16200.00,4849,266,436,165079
2026,4,16250.00,4870,267,438,165679
2026,4,16300.00,4891,269,440,166279
2026,4,16350.00,4912,270,442,166879
2026,4,16400.00,4933,271,443,167479
2026,4,16450.00,4954,272,445,168079
2026,4,16500.00,4975,273,447,168679
2026,4,16550.00,4996,274,449,169279
2026,4,16600.00,5017,275,451,169879
2026,4,16650.00,5038,277,453,170479
2026,4,16700.00,5059,278,455,171079
2026,4,16750.00,5080,279,457,171679
2026,4,16800.00,5101,280,459,172279
2026,4,16850.00,5122,281,460,172879
2026,4,16900.00,5143,282,462,173479
2026,4,16950.00,5164,284,464,174079
2026,4,17000.00,5185,285,466,174679
2026,4,17050.00,5206,286,468,175279
2026,4,17100.00,5227,287,470,175879
2026,4,17150.00,5248,288,472,176479
2026,4,17200.00,5269,289,474,177079
2026,4,17250.00,5290,290,476,177679
2026,4,17300.00,5311,292,477,178279
2026,4,17350.00,5332,293,479,178879
2026,4,17400.00,5353,294,481,179479
2026,4,17450.00,5374,295,483,180079
2026,4,17500.00,5395,296,485,180679
2026,4,17550.00,5416,297,487,181279
2026,4,17600.00,5437,299,489,181879
2026,4,17650.00,5458,300,491,182479
2026,4,17700.00,5479,301,493,183079
2026,4,17750.00,5500,302,495,183679
2026,4,17800.00,5521,303,496,184279
2026,4,17850.00,5542,304,498,184879
2026,4,17900.00,5563,306,500,185479
2026,4,17950.00,5584,307,502,186079
2026,4,18000.00,5605,308,504,186679
2026,4,18050.00,5626,309,506,187279
2026,4,18100.00,5647,310,508,187879
2026,4,18150.00,5668,311,510,188479
2026,4,18200.00,5689,312,512,189079
2026,4,18250.00,5710,314,513,189679
2026,4,18300.00,5731,315,515,190279
2026,4,18350.00,5752,316,517,190879
2026,4,18400.00,5773,317,519,191479
2026,4,18450.00,5794,318,521,192079
2026,4,18500.00,5815,319,523,192679
2026,4,18550.00,5836,321,525,193279
2026,4,18600.00,5857,322,527,193879
2026,4,18650.00,5878,323,529,194479
2026,4,18700.00,5899,324,530,195079
2026,4,18750.00,5920,325,532,195679
2026,4,18800.00,5941,326,534,196279
2026,4,18850.00,5962,327,536,196879
2026,4,18900.00,5983,329,538,197479
2026,4,18950.00,6004,330,540,198079
2026,4,19000.00,6025,331,542,198679
2026,4,19050.00,6046,332,544,199279
2026,4,19100.00,6067,333,546,199879
2026,4,19150.00,6088,334,547,200479
2026,4,19200.00,6109,336,549,201079
2026,4,19250.00,6130,337,551,201679
2026,4,19300.00,6151,338,553,202279
2026,4,19350.00,6172,339,555,202879
2026,4,19400.00,6193,340,557,203479
2026,4,19450.00,6214,341,559,204079
2026,4,19500.00,6235,342,561,204679
2026,4,19550.00,6256,344,563,205279
2026,4,19600.00,6277,345,564,205879
2026,4,19650.00,6298,346,566,206479
2026,4,19700.00,6319,347,568,207079
2026,4,19750.00,6340,348,570,207679
2026,4,19800.00,6361,349,572,208279
2026,4,19850.00,6382,351,574,208879
2026,4,19900.00,6403,352,576,209479
2026,4,19950.00,6424,353,578,210079
2026,4,20000.00,6445,354,580,210679
2026,5,0.00,0,0,0,0
2026,5,50.00,0,0,0,0
2026,5,100.00,0,0,0,0
2026,5,150.00,0,0,0,370
2026,5,200.00,0,0,0,915
2026,5,250.00,0,0,0,1460
2026,5,300.00,0,0,0,2005
2026,5,350.00,0,0,0,2550
2026,5,400.00,0,0,0,3095
2026,5,450.00,0,0,0,3640
2026,5,500.00,0,0,0,4185
2026,5,550.00,0,0,0,4731
2026,5,600.00,0,0,0,5276
2026,5,650.00,0,0,0,5821
2026,5,700.00,0,0,0,6366
2026,5,750.00,0,0,0,6911
2026,5,800.00,0,0,0,7456
2026,5,850.00,0,0,0,8001
2026,5,900.00,0,0,0,8546
2026,5,950.00,0,0,0,9091
2026,5,1000.00,0,0,0,9636
2026,5,1050.00,0,0,0,10182
2026,5,1100.00,0,0,0,10727
2026,5,1150.00,0,0,0,11272
2026,5,1200.00,0,0,0,11817
2026,5,1250.00,0,0,0,12362
2026,5,1300.00,6,0,0,12907
2026,5,1350.00,13,0,1,13452
2026,5,1400.00,21,0,1,13997
2026,5,1450.00,29,0,2,14542
2026,5,1500.00,37,0,3,15087
2026,5,1550.00,46,0,4,15633
2026,5,1600.00,55,0,4,16178
2026,5,1650.00,65,0,5,16723
2026,5,1700.00,75,0,6,17268
2026,5,1750.00,86,0,7,17813
2026,5,1800.00,97,0,8,18358
2026,5,1850.00,108,0,9,18903
2026,5,1900.00,119,0,10,19448
2026,5,1950.00,130,0,11,19993
2026,5,2000.00,142,0,12,20538
2026,5,2050.00,153,0,13,21084
2026,5,2100.00,164,0,14,21629
2026,5,2150.00,176,0,15,22174
2026,5,2200.00,188,0,16,22719
2026,5,2250.00,199,0,17,23264
2026,5,2300.00,211,0,18,23809
2026,5,2350.00,223,0,20,24354
2026,5,2400.00,235,0,21,24899
2026,5,2450.00,247,0,22,25444
2026,5,2500.00,259,0,23,25989
2026,5,2550.00,271,0,24,26535
2026,5,2600.00,284,0,25,27080
2026,5,2650.00,296,0,26,27625
2026,5,2700.00,308,0,27,28170
2026,5,2750.00,321,0,28,28715
2026,5,2800.00,334,0,30,29260
2026,5,2850.00,346,0,31,29805
2026,5,2900.00,359,0,32,30350
2026,5,2950.00,372,0,33,30895
2026,5,3000.00,385,0,34,31440
2026,5,3050.00,398,0,35,31986
2026,5,3100.00,411,0,36,32531
2026,5,3150.00,425,0,38,33076
2026,5,3200.00,438,0,39,33621
2026,5,3250.00,451,0,40,34166
2026,5,3300.00,465,0,41,34711
2026,5,3350.00,478,0,43,35256
2026,5,3400.00,492,0,44,35801
2026,5,3450.00,506,0,45,36346
2026,5,3500.00,520,0,46,36891
2026,5,3550.00,534,0,48,37437
2026,5,3600.00,548,0,49,37982
2026,5,3650.00,562,0,50,38527
2026,5,3700.00,576,0,51,39072
2026,5,3750.00,590,0,53,39617
2026,5,3800.00,605,0,54,40162
2026,5,3850.00,619,0,55,40707
2026,5,3900.00,634,0,57,41252
2026,5,3950.00,648,0,58,41797
2026,5,4000.00,663,0,59,42342
2026,5,4050.00,678,0,61,42888
2026,5,4100.00,693,0,62,43433
2026,5,4150.00,708,0,63,43978
2026,5,4200.00,723,0,65,44523
2026,5,4250.00,738,0,66,45068
2026,5,4300.00,753,0,67,45613
2026,5,4350.00,768,0,69,46158
2026,5,4400.00,784,0,70,46703
2026,5,4450.00,799,0,71,47248
2026,5,4500.00,815,0,73,47793
2026,5,4550.00,830,0,74,48339
2026,5,4600.00,846,0,76,48884
2026,5,4650.00,862,0,77,49429
2026,5,4700.00,878,0,79,49974
2026,5,4750.00,894,0,80,50519
2026,5,4800.00,910,0,81,51064
2026,5,4850.00,926,0,83,51609
2026,5,4900.00,942,0,84,52154
2026,5,4950.00,959,0,86,52699
2026,5,5000.00,975,0,87,53244
2026,5,5050.00,992,0,89,53790
2026,5,5100.00,1008,0,90,54335
2026,5,5150.00,1025,0,92,54880
2026,5,5200.00,1042,0,93,55425
2026,5,5250.00,1058,0,95,55970
2026,5,5300.00,1075,0,96,56515
2026,5,5350.00,1092,0,98,57060
2026,5,5400.00,1109,0,99,57605
2026,5,5450.00,1127,0,101,58150
2026,5,5500.00,1144,0,102,58695
2026,5,5550.00,1161,0,104,59241
2026,5,5600.00,1179,0,106,59786
2026,5,5650.00,1196,0,107,60331
2026,5,5700.00,1214,0,109,60876
2026,5,5750.00,1232,0,110,61421
2026,5,5800.00,1249,0,112,61966
2026,5,5850.00,1268,0,114,62531
2026,5,5900.00,1287,0,115,63104
2026,5,5950.00,1306,0,117,63676
2026,5,6000.00,1325,0,119,64248
2026,5,6050.00,1344,0,120,64820
2026,5,6100.00,1363,0,122,65392
2026,5,6150.00,1382,0,124,65964
2026,5,6200.00,1402,0,126,66536
2026,5,6250.00,1421,0,127,67108
2026,5,6300.00,1441,0,129,67680
2026,5,6350.00,1461,0,131,68252
2026,5,6400.00,1481,0,133,68825
2026,5,6450.00,1500,0,135,69397
2026,5,6500.00,1520,0,136,69969
2026,5,6550.00,1540,0,138,70541
2026,5,6600.00,1560,0,140,71113
2026,5,6650.00,1581,0,142,71685
2026,5,6700.00,1601,0,144,72257
2026,5,6750.00,1621,0,145,72829
2026,5,6800.00,1641,0,147,73401
2026,5,6850.00,1661,0,149,73973
2026,5,6900.00,1681,0,151,74546
2026,5,6950.00,1701,0,153,75118
2026,5,7000.00,1721,3,154,75690
2026,5,7050.00,1741,5,156,76262
2026,5,7100.00,1761,7,158,76834
2026,5,7150.00,1781,10,160,77406
2026,5,7200.00,1801,12,162,77978
2026,5,7250.00,1821,14,163,78550
2026,5,7300.00,1841,17,165,79122
2026,5,7350.00,1861,19,167,79694
2026,5,7400.00,1881,22,169,80267
2026,5,7450.00,1901,24,171,80839
2026,5,7500.00,1921,26,172,81411
2026,5,7550.00,1941,29,174,81983
2026,5,7600.00,1961,31,176,82555
2026,5,7650.00,1981,33,178,83127
2026,5,7700.00,2001,36,180,83699
2026,5,7750.00,2021,38,181,84271
2026,5,7800.00,2041,41,183,84843
2026,5,7850.00,2061,43,185,85415
2026,5,7900.00,2081,45,187,85988
2026,5,7950.00,2101,48,189,86560
2026,5,8000.00,2121,50,190,87132
2026,5,8050.00,2141,53,192,87704
2026,5,8100.00,2161,55,194,88276
2026,5,8150.00,2181,57,196,88848
2026,5,8200.00,2201,60,198,89420
2026,5,8250.00,2221,62,199,89992
2026,5,8300.00,2241,64,201,90564
2026,5,8350.00,2261,67,203,91136
2026,5,8400.00,2281,69,205,91709
2026,5,8450.00,2301,72,207,92281
2026,5,8500.00,2322,74,208,92881
2026,5,8550.00,2343,77,210,93481
2026,5,8600.00,2364,79,212,94081
2026,5,8650.00,2385,82,214,94681
2026,5,8700.00,2406,84,216,95281
2026,5,8750.00,2427,87,218,95881
2026,5,8800.00,2448,89,220,96481
2026,5,8850.00,2469,92,222,97081
2026,5,8900.00,2490,94,224,97681
2026,5,8950.00,2511,97,225,98281
2026,5,9000.00,2532,99,227,98881
2026,5,9050.00,2553,102,229,99481
2026,5,9100.00,2574,104,231,100081
2026,5,9150.00,2595,107,233,100681
2026,5,9200.00,2616,109,235,101281
2026,5,9250.00,2637,112,237,101881
2026,5,9300.00,2658,114,239,102481
2026,5,9350.00,2679,117,241,103081
2026,5,9400.00,2700,119,243,103681
2026,5,9450.00,2721,122,244,104281
2026,5,9500.00,2742,124,246,104881
2026,5,9550.00,2763,127,248,105481
2026,5,9600.00,2784,129,250,106081
2026,5,9650.00,2805,132,252,106681
2026,5,9700.00,2826,134,254,107281
2026,5,9750.00,2847,137,256,107881
2026,5,9800.00,2868,139,258,108481
2026,5,9850.00,2889,142,260,109081
2026,5,9900.00,2910,144,261,109681
2026,5,9950.00,2931,147,263,110281
2026,5,10000.00,2952,149,265,110881
2026,5,10050.00,2973,152,267,111481
2026,5,10100.00,2994,154,269,112081
2026,5,10150.00,3015,157,271,112681
2026,5,10200.00,3036,159,273,113281
2026,5,10250.00,3057,162,275,113881
2026,5,10300.00,3078,164,277,114481
2026,5,10350.00,3099,167,278,115081
2026,5,10400.00,3120,169,280,115681
2026,5,10450.00,3141,172,282,116281
2026,5,10500.00,3162,173,284,116881
2026,5,10550.00,3183,175,286,117481
2026,5,10600.00,3204,176,288,118081
2026,5,10650.00,3225,177,290,118681
2026,5,10700.00,3246,178,292,119281
2026,5,10750.00,3267,179,294,119881
2026,5,10800.00,3288,180,295,120481
2026,5,10850.00,3309,182,297,121081
2026,5,10900.00,3330,183,299,121681
2026,5,10950.00,3351,184,301,122281
2026,5,11000.00,3372,185,303,122881
2026,5,11050.00,3393,186,305,123481
2026,5,11100.00,3414,187,307,124081
2026,5,11150.00,3435,188,309,124681
2026,5,11200.00,3456,190,311,125281
2026,5,11250.00,3477,191,312,125881
2026,5,11300.00,3498,192,314,126481
2026,5,11350.00,3519,193,316,127081
2026,5,11400.00,3540,194,318,127681
2026,5,11450.00,3561,195,320,128281
2026,5,11500.00,3582,197,322,128881
2026,5,11550.00,3603,198,324,129481
2026,5,11600.00,3624,199,326,130081
2026,5,11650.00,3645,200,328,130681
2026,5,11700.00,3666,201,329,131281
2026,5,11750.00,3687,202,331,131881
2026,5,11800.00,3708,203,333,132481
2026,5,11850.00,3729,205,335,133081
2026,5,11900.00,3750,206,337,133681
2026,5,11950.00,3771,207,339,134281
2026,5,12000.00,3792,208,341,134881
2026,5,12050.00,3813,209,343,135481
2026,5,12100.00,3834,210,345,136081
2026,5,12150.00,3855,212,346,136681
2026,5,12200.00,3876,213,348,137281
2026,5,12250.00,3897,214,350,137881
2026,5,12300.00,3918,215,352,138481
2026,5,12350.00,3939,216,354,139081
2026,5,12400.00,3960,217,356,139681
2026,5,12450.00,3981,219,358,140281
2026,5,12500.00,4002,220,360,140881
2026,5,12550.00,4023,221,362,141481
2026,5,12600.00,4044,222,363,142081
2026,5,12650.00,4065,223,365,142681
2026,5,12700.00,4086,224,367,143281
2026,5,12750.00,4107,225,369,143881
2026,5,12800.00,4128,227,371,144481
2026,5,12850.00,4149,228,373,145081
2026,5,12900.00,4170,229,375,145681
2026,5,12950.00,4191,230,377,146281
2026,5,13000.00,4212,231,379,146881
2026,5,13050.00,4233,232,380,147481
2026,5,13100.00,4254,234,382,148081
2026,5,13150.00,4275,235,384,148681
2026,5,13200.00,4296,236,386,149281
2026,5,13250.00,4317,237,388,149881
2026,5,13300.00,4338,238,390,150481
2026,5,13350.00,4359,239,392,151081
2026,5,13400.00,4380,240,394,151681
2026,5,13450.00,4401,242,396,152281
2026,5,13500.00,4422,243,397,152881
2026,5,13550.00,4443,244,399,153481
2026,5,13600.00,4464,245,401,154081
2026,5,13650.00,4485,246,403,154681
2026,5,13700.00,4506,247,405,155281
2026,5,13750.00,4527,249,407,155881
2026,5,13800.00,4548,250,409,156481
2026,5,13850.00,4569,251,411,157081
2026,5,13900.00,4590,252,413,157681
2026,5,13950.00,4611,253,414,158281
2026,5,14000.00,4632,254,416,158881
2026,5,14050.00,4653,255,418,159481
2026,5,14100.00,4674,257,420,160081
2026,5,14150.00,4695,258,422,160681
2026,5,14200.00,4716,259,424,161281
2026,5,14250.00,4737,260,426,161881
2026,5,14300.00,4758,261,428,162481
2026,5,14350.00,4779,262,430,163081
2026,5,14400.00,4800,264,432,163681
2026,5,14450.00,4821,265,433,164281
2026,5,14500.00,4842,266,435,164881
2026,5,14550.00,4863,267,437,165481
2026,5,14600.00,4884,268,439,166081
2026,5,14650.00,4905,269,441,166681
2026,5,14700.00,4926,270,443,167281
2026,5,14750.00,4947,272,445,167881
2026,5,14800.00,4968,273,447,168481
2026,5,14850.00,4989,274,449,169081
2026,5,14900.00,5010,275,450,169681
2026,5,14950.00,5031,276,452,170281
2026,5,15000.00,5052,277,454,170881
2026,5,15050.00,5073,279,456,171481
2026,5,15100.00,5094,280,458,172081
2026,5,15150.00,5115,281,460,172681
2026,5,15200.00,5136,282,462,173281
2026,5,15250.00,5157,283,464,173881
2026,5,15300.00,5178,284,466,174481
2026,5,15350.00,5199,285,467,175081
2026,5,15400.00,5220,287,469,175681
2026,5,15450.00,5241,288,471,176281
2026,5,15500.00,5262,289,473,176881
2026,5,15550.00,5283,290,475,177481
2026,5,15600.00,5304,291,477,178081
2026,5,15650.00,5325,292,479,178681
2026,5,15700.00,5346,294,481,179281
2026,5,15750.00,5367,295,483,179881
2026,5,15800.00,5388,296,484,180481
2026,5,15850.00,5409,297,486,181081
2026,5,15900.00,5430,298,488,181681
2026,5,15950.00,5451,299,490,182281
2026,5,16000.00,5472,301,492,182881
2026,5,16050.00,5493,302,494,183481
2026,5,16100.00,5514,303,496,184081
2026,5,16150.00,5535,304,498,184681
2026,5,16200.00,5556,305,500,185281
2026,5,16250.00,5577,306,501,185881
2026,5,16300.00,5598,307,503,186481
2026,5,16350.00,5619,309,505,187081
2026,5,16400.00,5640,310,507,187681
2026,5,16450.00,5661,311,509,188281
2026,5,16500.00,5682,312,511,188881
2026,5,16550.00,5703,313,513,189481
2026,5,16600.00,5724,314,515,190081
2026,5,16650.00,5745,316,517,190681
2026,5,16700.00,5766,317,518,191281
2026,5,16750.00,5787,318,520,191881
2026,5,16800.00,5808,319,522,192481
2026,5,16850.00,5829,320,524,193081
2026,5,16900.00,5850,321,526,193681
2026,5,16950.00,5871,322,528,194281
2026,5,17000.00,5892,324,530,194881
2026,5,17050.00,5913,325,532,195481
2026,5,17100.00,5934,326,534,196081
2026,5,17150.00,5955,327,535,196681
2026,5,17200.00,5976,328,537,197281
2026,5,17250.00,5997,329,539,197881
2026,5,17300.00,6018,331,541,198481
2026,5,17350.00,6039,332,543,199081
2026,5,17400.00,6060,333,545,199681
2026,5,17450.00,6081,334,547,200281
2026,5,17500.00,6102,335,549,200881
2026,5,17550.00,6123,336,551,201481
2026,5,17600.00,6144,337,552,202081
2026,5,17650.00,6165,339,554,202681
2026,5,17700.00,6186,340,556,203281
2026,5,17750.00,6207,341,558,203881
2026,5,17800.00,6228,342,560,204481
2026,5,17850.00,6249,343,562,205081
2026,5,17900.00,6270,344,564,205681
2026,5,17950.00,6291,346,566,206281
2026,5,18000.00,6312,347,568,206881
2026,5,18050.00,6333,348,569,207481
2026,5,18100.00,6354,349,571,208081
2026,5,18150.00,6375,350,573,208681
2026,5,18200.00,6396,351,575,209281
2026,5,18250.00,6417,352,577,209881
2026,5,18300.00,6438,354,579,210481
2026,5,18350.00,6459,355,581,211081
2026,5,18400.00,6480,356,583,211681
2026,5,18450.00,6501,357,585,212281
2026,5,18500.00,6522,358,586,212881
2026,5,18550.00,6543,359,588,213481
2026,5,18600.00,6564,361,590,214081
2026,5,18650.00,6585,362,592,214681
2026,5,18700.00,6606,363,594,215281
2026,5,18750.00,6627,364,596,215881
2026,5,18800.00,6648,365,598,216481
2026,5,18850.00,6669,366,600,217081
2026,5,18900.00,6690,367,602,217681
2026,5,18950.00,6711,369,603,218281
2026,5,19000.00,6732,370,605,218881
2026,5,19050.00,6753,371,607,219481
2026,5,19100.00,6774,372,609,220081
2026,5,19150.00,6795,373,611,220681
2026,5,19200.00,6816,374,613,221281
2026,5,19250.00,6837,376,615,221881
2026,5,19300.00,6858,377,617,222481
2026,5,19350.00,6879,378,619,223081
2026,5,19400.00,6900,379,621,223681
2026,5,19450.00,6921,380,622,224281
2026,5,19500.00,6942,381,624,224881
2026,5,19550.00,6963,383,626,225481
2026,5,19600.00,6984,384,628,226081
2026,5,19650.00,7005,385,630,226681
2026,5,19700.00,7026,386,632,227281
2026,5,19750.00,7047,387,634,227881
2026,5,19800.00,7068,388,636,228481
2026,5,19850.00,7089,389,638,229081
2026,5,19900.00,7110,391,639,229681
2026,5,19950.00,7131,392,641,230281
2026,5,20000.00,7152,393,643,230881
2026,6,0.00,0,0,0,0
2026,6,50.00,0,0,0,546
2026,6,100.00,0,0,0,1091
2026,6,150.00,0,0,0,1636
2026,6,200.00,0,0,0,2181
2026,6,250.00,0,0,0,2726
2026,6,300.00,0,0,0,3271
2026,6,350.00,0,0,0,3816
2026,6,400.00,0,0,0,4361
2026,6,450.00,0,0,0,4906
2026,6,500.00,0,0,0,5451
2026,6,550.00,0,0,0,5997
2026,6,600.00,0,0,0,6542
2026,6,650.00,0,0,0,7087
2026,6,700.00,0,0,0,7632
2026,6,750.00,0,0,0,8177
2026,6,800.00,0,0,0,8722
2026,6,850.00,0,0,0,9267
2026,6,900.00,0,0,0,9812
2026,6,950.00,0,0,0,10357
2026,6,1000.00,0,0,0,10902
2026,6,1050.00,0,0,0,11448
2026,6,1100.00,0,0,0,11993
2026,6,1150.00,2,0,0,12538
2026,6,1200.00,8,0,0,13083
2026,6,1250.00,16,0,1,13628
2026,6,1300.00,23,0,2,14173
2026,6,1350.00,31,0,2,14718
2026,6,1400.00,40,0,3,15263
2026,6,1450.00,49,0,4,15808
2026,6,1500.00,58,0,5,16353
2026,6,1550.00,68,0,6,16899
2026,6,1600.00,79,0,7,17444
2026,6,1650.00,90,0,8,17989
2026,6,1700.00,100,0,9,18534
2026,6,1750.00,112,0,10,19079
2026,6,1800.00,123,0,11,19624
2026,6,1850.00,134,0,12,20169
2026,6,1900.00,145,0,13,20714
2026,6,1950.00,157,0,14,21259
2026,6,2000.00,168,0,15,21804
2026,6,2050.00,180,0,16,22350
2026,6,2100.00,191,0,17,22895
2026,6,2150.00,203,0,18,23440
2026,6,2200.00,215,0,19,23985
2026,6,2250.00,227,0,20,24530
2026,6,2300.00,239,0,21,25075
2026,6,2350.00,251,0,22,25620
2026,6,2400.00,263,0,23,26165
2026,6,2450.00,275,0,24,26710
2026,6,2500.00,288,0,25,27255
2026,6,2550.00,300,0,27,27801
2026,6,2600.00,312,0,28,28346
2026,6,2650.00,325,0,29,28891
2026,6,2700.00,338,0,30,29436
2026,6,2750.00,350,0,31,29981
2026,6,2800.00,363,0,32,30526
2026,6,2850.00,376,0,33,31071
2026,6,2900.00,389,0,35,31616
2026,6,2950.00,402,0,36,32161
2026,6,3000.00,416,0,37,32706
2026,6,3050.00,429,0,38,33252
2026,6,3100.00,442,0,39,33797
2026,6,3150.00,456,0,41,34342
2026,6,3200.00,469,0,42,34887
2026,6,3250.00,483,0,43,35432
2026,6,3300.00,497,0,44,35977
2026,6,3350.00,510,0,45,36522
2026,6,3400.00,524,0,47,37067
2026,6,3450.00,538,0,48,37612
2026,6,3500.00,552,0,49,38157
2026,6,3550.00,566,0,50,38703
2026,6,3600.00,581,0,52,39248
2026,6,3650.00,595,0,53,39793
2026,6,3700.00,609,0,54,40338
2026,6,3750.00,624,0,56,40883
2026,6,3800.00,638,0,57,41428
2026,6,3850.00,653,0,58,41973
2026,6,3900.00,668,0,60,42518
2026,6,3950.00,682,0,61,43063
2026,6,4000.00,697,0,62,43608
2026,6,4050.00,712,0,64,44154
2026,6,4100.00,727,0,65,44699
2026,6,4150.00,743,0,66,45244
2026,6,4200.00,758,0,68,45789
2026,6,4250.00,773,0,69,46334
2026,6,4300.00,789,0,71,46879
2026,6,4350.00,804,0,72,47424
2026,6,4400.00,820,0,73,47969
2026,6,4450.00,835,0,75,48514
2026,6,4500.00,851,0,76,49059
2026,6,4550.00,867,0,78,49605
2026,6,4600.00,883,0,79,50150
2026,6,4650.00,899,0,80,50695
2026,6,4700.00,915,0,82,51240
2026,6,4750.00,931,0,83,51785
2026,6,4800.00,947,0,85,52330
2026,6,4850.00,964,0,86,52875
2026,6,4900.00,980,0,88,53420
2026,6,4950.00,997,0,89,53965
2026,6,5000.00,1013,0,91,54510
2026,6,5050.00,1030,0,92,55056
2026,6,5100.00,1047,0,94,55601
2026,6,5150.00,1064,0,95,56146
2026,6,5200.00,1081,0,97,56691
2026,6,5250.00,1098,0,98,57236
2026,6,5300.00,1115,0,100,57781
2026,6,5350.00,1132,0,101,58326
2026,6,5400.00,1149,0,103,58871
2026,6,5450.00,1167,0,105,59416
2026,6,5500.00,1184,0,106,59961
2026,6,5550.00,1202,0,108,60507
2026,6,5600.00,1220,0,109,61052
2026,6,5650.00,1237,0,111,61597
2026,6,5700.00,1255,0,112,62142
2026,6,5750.00,1273,0,114,62687
2026,6,5800.00,1291,0,116,63232
2026,6,5850.00,1310,0,117,63797
2026,6,5900.00,1329,0,119,64370
2026,6,5950.00,1348,0,121,64942
2026,6,6000.00,1367,0,123,65514
2026,6,6050.00,1387,0,124,66086
2026,6,6100.00,1406,0,126,66658
2026,6,6150.00,1426,0,128,67230
2026,6,6200.00,1445,0,130,67802
2026,6,6250.00,1465,0,131,68374
2026,6,6300.00,1485,0,133,68946
2026,6,6350.00,1505,0,135,69518
2026,6,6400.00,1525,0,137,70091
2026,6,6450.00,1545,0,139,70663
2026,6,6500.00,1565,0,140,71235
2026,6,6550.00,1585,0,142,71807
2026,6,6600.00,1605,0,144,72379
2026,6,6650.00,1625,0,146,72951
2026,6,6700.00,1645,0,148,73523
2026,6,6750.00,1665,0,149,74095
2026,6,6800.00,1685,0,151,74667
2026,6,6850.00,1705,1,153,75239
2026,6,6900.00,1725,3,155,75812
2026,6,6950.00,1745,5,157,76384
2026,6,7000.00,1765,8,158,76956
2026,6,7050.00,1785,10,160,77528
2026,6,7100.00,1805,13,162,78100
2026,6,7150.00,1825,15,164,78672
2026,6,7200.00,1845,17,166,79244
2026,6,7250.00,1865,20,167,79816
2026,6,7300.00,1885,22,169,80388
2026,6,7350.00,1905,24,171,80960
2026,6,7400.00,1925,27,173,81533
2026,6,7450.00,1945,29,175,82105
2026,6,7500.00,1965,32,176,82677
2026,6,7550.00,1985,34,178,83249
2026,6,7600.00,2005,36,180,83821
2026,6,7650.00,2025,39,182,84393
2026,6,7700.00,2045,41,184,84965
2026,6,7750.00,2065,44,185,85537
2026,6,7800.00,2085,46,187,86109
2026,6,7850.00,2105,48,189,86681
2026,6,7900.00,2125,51,191,87254
2026,6,7950.00,2145,53,193,87826
2026,6,8000.00,2165,55,194,88398
2026,6,8050.00,2185,58,196,88970
2026,6,8100.00,2206,60,198,89542
2026,6,8150.00,2226,63,200,90114
2026,6,8200.00,2246,65,202,90686
2026,6,8250.00,2266,67,203,91258
2026,6,8300.00,2286,70,205,91830
2026,6,8350.00,2306,72,207,92402
2026,6,8400.00,2326,74,209,92975
2026,6,8450.00,2346,77,211,93547
2026,6,8500.00,2367,79,213,94147
2026,6,8550.00,2388,82,214,94747
2026,6,8600.00,2409,84,216,95347
2026,6,8650.00,2430,87,218,95947
2026,6,8700.00,2451,89,220,96547
2026,6,8750.00,2472,92,222,97147
2026,6,8800.00,2493,94,224,97747
2026,6,8850.00,2514,97,226,98347
2026,6,8900.00,2535,99,228,98947
2026,6,8950.00,2556,102,230,99547
2026,6,9000.00,2577,104,231,100147
2026,6,9050.00,2598,107,233,100747
2026,6,9100.00,2619,109,235,101347
2026,6,9150.00,2640,112,237,101947
2026,6,9200.00,2661,114,239,102547
2026,6,9250.00,2682,117,241,103147
2026,6,9300.00,2703,119,243,103747
2026,6,9350.00,2724,122,245,104347
2026,6,9400.00,2745,124,247,104947
2026,6,9450.00,2766,127,248,105547
2026,6,9500.00,2787,129,250,106147
2026,6,9550.00,2808,132,252,106747
2026,6,9600.00,2829,134,254,107347
2026,6,9650.00,2850,137,256,107947
2026,6,9700.00,2871,139,258,108547
2026,6,9750.00,2892,142,260,109147
2026,6,9800.00,2913,144,262,109747
2026,6,9850.00,2934,147,264,110347
2026,6,9900.00,2955,149,265,110947
2026,6,9950.00,2976,152,267,111547
2026,6,10000.00,2997,154,269,112147
2026,6,10050.00,3018,157,271,112747
2026,6,10100.00,3039,159,273,113347
2026,6,10150.00,3060,162,275,113947
2026,6,10200.00,3081,164,277,114547
2026,6,10250.00,3102,167,279,115147
2026,6,10300.00,3123,169,281,115747
2026,6,10350.00,3144,172,282,116347
2026,6,10400.00,3165,174,284,116947
2026,6,10450.00,3186,175,286,117547
2026,6,10500.00,3207,176,288,118147
2026,6,10550.00,3228,177,290,118747
2026,6,10600.00,3249,178,292,119347
2026,6,10650.00,3270,179,294,119947
2026,6,10700.00,3291,181,296,120547
2026,6,10750.00,3312,182,298,121147
2026,6,10800.00,3333,183,299,121747
2026,6,10850.00,3354,184,301,122347
2026,6,10900.00,3375,185,303,122947
2026,6,10950.00,3396,186,305,123547
2026,6,11000.00,3417,187,307,124147
2026,6,11050.00,3438,189,309,124747
2026,6,11100.00,3459,190,311,125347
2026,6,11150.00,3480,191,313,125947
2026,6,11200.00,3501,192,315,126547
2026,6,11250.00,3522,193,316,127147
2026,6,11300.00,3543,194,318,127747
2026,6,11350.00,3564,196,320,128347
2026,6,11400.00,3585,197,322,128947
2026,6,11450.00,3606,198,324,129547
2026,6,11500.00,3627,199,326,130147
2026,6,11550.00,3648,200,328,130747
2026,6,11600.00,3669,201,330,131347
2026,6,11650.00,3690,202,332,131947
2026,6,11700.00,3711,204,333,132547
2026,6,11750.00,3732,205,335,133147
2026,6,11800.00,3753,206,337,133747
2026,6,11850.00,3774,207,339,134347
2026,6,11900.00,3795,208,341,134947
2026,6,11950.00,3816,209,343,135547
2026,6,12000.00,3837,211,345,136147
2026,6,12050.00,3858,212,347,136747
2026,6,12100.00,3879,213,349,137347
2026,6,12150.00,3900,214,351,137947
2026,6,12200.00,3921,215,352,138547
2026,6,12250.00,3942,216,354,139147
2026,6,12300.00,3963,217,356,139747
2026,6,12350.00,3984,219,358,140347
2026,6,12400.00,4005,220,360,140947
2026,6,12450.00,4026,221,362,141547
2026,6,12500.00,4047,222,364,142147
2026,6,12550.00,4068,223,366,142747
2026,6,12600.00,4089,224,368,143347
2026,6,12650.00,4110,226,369,143947
2026,6,12700.00,4131,227,371,144547
2026,6,12750.00,4152,228,373,145147
2026,6,12800.00,4173,229,375,145747
2026,6,12850.00,4194,230,377,146347
2026,6,12900.00,4215,231,379,146947
2026,6,12950.00,4236,232,381,147547
2026,6,13000.00,4257,234,383,148147
2026,6,13050.00,4278,235,385,148747
2026,6,13100.00,4299,236,386,149347
2026,6,13150.00,4320,237,388,149947
2026,6,13200.00,4341,238,390,150547
2026,6,13250.00,4362,239,392,151147
2026,6,13300.00,4383,241,394,151747
2026,6,13350.00,4404,242,396,152347
2026,6,13400.00,4425,243,398,152947
2026,6,13450.00,4446,244,400,153547
2026,6,13500.00,4467,245,402,154147
2026,6,13550.00,4488,246,403,154747
2026,6,13600.00,4509,248,405,155347
2026,6,13650.00,4530,249,407,155947
2026,6,13700.00,4551,250,409,156547
2026,6,13750.00,4572,251,411,157147
2026,6,13800.00,4593,252,413,157747
2026,6,13850.00,4614,253,415,158347
2026,6,13900.00,4635,254,417,158947
2026,6,13950.00,4656,256,419,159547
2026,6,14000.00,4677,257,420,160147
2026,6,14050.00,4698,258,422,160747
2026,6,14100.00,4719,259,424,161347
2026,6,14150.00,4740,260,426,161947
2026,6,14200.00,4761,261,428,162547
2026,6,14250.00,4782,263,430,163147
2026,6,14300.00,4803,264,432,163747
2026,6,14350.00,4824,265,434,164347
2026,6,14400.00,4845,266,436,164947
2026,6,14450.00,4866,267,437,165547
2026,6,14500.00,4887,268,439,166147
2026,6,14550.00,4908,269,441,166747
2026,6,14600.00,4929,271,443,167347
2026,6,14650.00,4950,272,445,167947
2026,6,14700.00,4971,273,447,168547
2026,6,14750.00,4992,274,449,169147
2026,6,14800.00,5013,275,451,169747
2026,6,14850.00,5034,276,453,170347
2026,6,14900.00,5055,278,454,170947
2026,6,14950.00,5076,279,456,171547
2026,6,15000.00,5097,280,458,172147
2026,6,15050.00,5118,281,460,172747
2026,6,15100.00,5139,282,462,173347
2026,6,15150.00,5160,283,464,173947
2026,6,15200.00,5181,284,466,174547
2026,6,15250.00,5202,286,468,175147
2026,6,15300.00,5223,287,470,175747
2026,6,15350.00,5244,288,471,176347
2026,6,15400.00,5265,289,473,176947
2026,6,15450.00,5286,290,475,177547
2026,6,15500.00,5307,291,477,178147
2026,6,15550.00,5328,293,479,178747
2026,6,15600.00,5349,294,481,179347
2026,6,15650.00,5370,295,483,179947
2026,6,15700.00,5391,296,485,180547
2026,6,15750.00,5412,297,487,181147
2026,6,15800.00,5433,298,488,181747
2026,6,15850.00,5454,299,490,182347
2026,6,15900.00,5475,301,492,182947
2026,6,15950.00,5496,302,494,183547
2026,6,16000.00,5517,303,496,184147
2026,6,16050.00,5538,304,498,184747
2026,6,16100.00,5559,305,500,185347
2026,6,16150.00,5580,306,502,185947
2026,6,16200.00,5601,308,504,186547
2026,6,16250.00,5622,309,505,187147
2026,6,16300.00,5643,310,507,187747
2026,6,16350.00,5664,311,509,188347
2026,6,16400.00,5685,312,511,188947
2026,6,16450.00,5706,313,513,189547
2026,6,16500.00,5727,314,515,190147
2026,6,16550.00,5748,316,517,190747
2026,6,16600.00,5769,317,519,191347
2026,6,16650.00,5790,318,521,191947
2026,6,16700.00,5811,319,522,192547
2026,6,16750.00,5832,320,524,193147
2026,6,16800.00,5853,321,526,193747
2026,6,16850.00,5874,323,528,194347
2026,6,16900.00,5895,324,530,194947
2026,6,16950.00,5916,325,532,195547
2026,6,17000.00,5937,326,534,196147
2026,6,17050.00,5958,327,536,196747
2026,6,17100.00,5979,328,538,197347
2026,6,17150.00,6000,330,540,197947
2026,6,17200.00,6021,331,541,198547
2026,6,17250.00,6042,332,543,199147
2026,6,17300.00,6063,333,545,199747
2026,6,17350.00,6084,334,547,200347
2026,6,17400.00,6105,335,549,200947
2026,6,17450.00,6126,336,551,201547
2026,6,17500.00,6147,338,553,202147
2026,6,17550.00,6168,339,555,202747
2026,6,17600.00,6189,340,557,203347
2026,6,17650.00,6210,341,558,203947
2026,6,17700.00,6231,342,560,204547
2026,6,17750.00,6252,343,562,205147
2026,6,17800.00,6273,345,564,205747
2026,6,17850.00,6294,346,566,206347
2026,6,17900.00,6315,347,568,206947
2026,6,17950.00,6336,348,570,207547
2026,6,18000.00,6357,349,572,208147
2026,6,18050.00,6378,350,574,208747
2026,6,18100.00,6399,351,575,209347
2026,6,18150.00,6420,353,577,209947
2026,6,18200.00,6441,354,579,210547
2026,6,18250.00,6462,355,581,211147
2026,6,18300.00,6483,356,583,211747
2026,6,18350.00,6504,357,585,212347
2026,6,18400.00,6525,358,587,212947
2026,6,18450.00,6546,360,589,213547
2026,6,18500.00,6567,361,591,214147
2026,6,18550.00,6588,362,592,214747
2026,6,18600.00,6609,363,594,215347
2026,6,18650.00,6630,364,596,215947
2026,6,18700.00,6651,365,598,216547
2026,6,18750.00,6672,366,600,217147
2026,6,18800.00,6693,368,602,217747
2026,6,18850.00,6714,369,604,218347
2026,6,18900.00,6735,370,606,218947
2026,6,18950.00,6756,371,608,219547
2026,6,19000.00,6777,372,609,220147
2026,6,19050.00,6798,373,611,220747
2026,6,19100.00,6819,375,613,221347
2026,6,19150.00,6840,376,615,221947
2026,6,19200.00,6861,377,617,222547
2026,6,19250.00,6882,378,619,223147
2026,6,19300.00,6903,379,621,223747
2026,6,19350.00,6924,380,623,224347
2026,6,19400.00,6945,381,625,224947
2026,6,19450.00,6966,383,626,225547
2026,6,19500.00,6987,384,628,226147
2026,6,19550.00,7008,385,630,226747
2026,6,19600.00,7029,386,632,227347
2026,6,19650.00,7050,387,634,227947
2026,6,19700.00,7071,388,636,228547
2026,6,19750.00,7092,390,638,229147
2026,6,19800.00,7113,391,640,229747
2026,6,19850.00,7134,392,642,230347
2026,6,19900.00,7155,393,643,230947
2026,6,19950.00,7176,394,645,231547
2026,6,20000.00,7197,395,647,232147
